id,data_inversa,dia_semana,horário,uf,br,km,município,causa_acidente,tipo_acidente,classificacao_acidente,fase_dia,sentido_via,condicao_metereologica,tipo_pista,tracado_via,uso_solo,pessoas,mortos,feridos_leves,feridos_graves,ilesos,ignorados,feridos,veiculos,latitude,longitude,regional,delegacia,uop
271782,26/02/20,quarta-feira,10:40:00,PB,230,38,SANTA RITA,Falta de Atenção à Condução,Colisão lateral,Com Vítimas Feridas,Pleno dia,Crescente,Céu Claro,Dupla,Reta,Sim,5,0,1,0,4,0,1,3,"-7,1341","-34,962",SR-PB,UOP03,DEL01
271794,26/02/20,quarta-feira,11:20:00,PB,101,88,JOÃO PESSOA,Pista Escorregadia,Tombamento,Com Vítimas Feridas,Pleno dia,Decrescente,Céu Claro,Dupla,Não Informado,Não,2,0,1,1,0,0,2,1,"-7,16470016","-34,89993643",SR-PB,UOP01,DEL01
271833,26/02/20,quarta-feira,14:20:00,PB,230,"19,5",JOÃO PESSOA,Avarias e/ou desgaste excessivo no pneu,Tombamento,Com Vítimas Feridas,Pleno dia,Crescente,Sol,Dupla,Reta,Sim,2,0,2,0,0,0,2,1,"-7,1281","-34,8466",SR-PB,UOP01,DEL01
271893,26/02/20,quarta-feira,19:00:00,PB,101,"94,5",JOÃO PESSOA,Defeito Mecânico no Veículo,Tombamento,Com Vítimas Feridas,Plena Noite,Crescente,Nublado,Dupla,Não Informado,Não,2,0,2,0,0,0,2,1,"-7,21483297","-34,9117521",SR-PB,UOP01,DEL01
271916,26/02/20,quarta-feira,20:25:00,PB,230,40,SANTA RITA,Avarias e/ou desgaste excessivo no pneu,Queda de ocupante de veículo,Com Vítimas Feridas,Plena Noite,Decrescente,Céu Claro,Dupla,Desvio Temporário,Sim,1,0,1,0,0,0,1,1,"-7,1381","-34,9707",SR-PB,UOP03,DEL01
271917,26/02/20,quarta-feira,20:40:00,PB,101,43,MAMANGUAPE,Defeito Mecânico no Veículo,Incêndio,Sem Vítimas,Plena Noite,Crescente,Céu Claro,Dupla,Reta,Sim,1,0,0,0,0,1,0,1,"-6,865561","-35,133374",SR-PB,UOP04,DEL01
271919,26/02/20,quarta-feira,21:10:00,PB,230,12,CABEDELO,Avarias e/ou desgaste excessivo no pneu,Colisão lateral,Com Vítimas Feridas,Plena Noite,Decrescente,Céu Claro,Dupla,Reta,Sim,2,0,1,0,1,0,1,2,"-7,068","-34,85",SR-PB,UOP01,DEL01
271944,26/02/20,quarta-feira,22:45:00,PB,230,"466,4",SOUSA,Não guardar distância de segurança,Colisão traseira,Com Vítimas Feridas,Plena Noite,Crescente,Nublado,Simples,Reta,Sim,3,0,1,0,0,2,1,2,"-6,781639","-38,269248",SR-PB,UOP03,DEL03
271950,27/02/20,quinta-feira,03:00:00,PB,101,90,JOÃO PESSOA,Falta de Atenção do Pedestre,Atropelamento de Pedestre,Com Vítimas Feridas,Plena Noite,Decrescente,Céu Claro,Dupla,Reta,Sim,3,0,2,1,0,0,3,1,"-7,179652","-34,900417",SR-PB,UOP01,DEL01
271984,27/02/20,quinta-feira,08:51:00,PB,230,"18,2",JOÃO PESSOA,Não guardar distância de segurança,Colisão traseira,Com Vítimas Feridas,Pleno dia,Decrescente,Céu Claro,Dupla,Reta,Sim,2,0,0,1,1,0,1,2,"-7,1198","-34,8453",SR-PB,UOP01,DEL01
272027,27/02/20,quinta-feira,12:30:00,PB,230,"166,8",CAMPINA GRANDE,Ingestão de Álcool,Atropelamento de Pedestre,Com Vítimas Fatais,Pleno dia,Crescente,Céu Claro,Simples,Curva,Sim,2,1,0,0,0,1,0,1,"-7,1557669","-36,0908256",SR-PB,UOP02,DEL02
272094,27/02/20,quinta-feira,19:00:00,PB,230,350,PATOS,Ingestão de Álcool,Colisão traseira,Sem Vítimas,Plena Noite,Crescente,Céu Claro,Simples,Reta,Não,2,0,0,0,2,0,0,2,"-6,9504","-37,3885",SR-PB,UOP01,DEL03
272121,28/02/20,sexta-feira,07:00:00,PB,230,27,JOÃO PESSOA,Defeito Mecânico no Veículo,Incêndio,Sem Vítimas,Pleno dia,Decrescente,Céu Claro,Dupla,Curva,Sim,1,0,0,0,1,0,0,1,"-7,1677","-34,8855",SR-PB,UOP01,DEL01
272129,28/02/20,sexta-feira,07:40:00,PB,230,"21,1",JOÃO PESSOA,Velocidade Incompatível,Colisão traseira,Com Vítimas Feridas,Pleno dia,Decrescente,Céu Claro,Dupla,Reta,Sim,3,0,1,0,1,1,1,2,"-7,1415","-34,8519",SR-PB,UOP01,DEL01
272299,29/02/20,sábado,04:15:00,PB,101,89,JOÃO PESSOA,Ingestão de Álcool,Saída de leito carroçável,Com Vítimas Feridas,Amanhecer,Crescente,Garoa/Chuvisco,Dupla,Reta,Sim,1,0,0,1,0,0,1,1,"-7,1710694","-34,89765372",SR-PB,UOP01,DEL01
272431,29/02/20,sábado,19:28:00,PB,101,89,JOÃO PESSOA,Falta de Atenção à Condução,Colisão transversal,Com Vítimas Feridas,Plena Noite,Decrescente,Céu Claro,Dupla,Reta,Sim,4,0,2,0,2,0,2,2,"-7,1710694","-34,89765372",SR-PB,UOP01,DEL01
272477,29/02/20,sábado,22:30:00,PB,101,87,JOÃO PESSOA,Velocidade Incompatível,Colisão com objeto estático,Sem Vítimas,Plena Noite,Decrescente,Céu Claro,Dupla,Interseção de vias,Sim,1,0,0,0,1,0,0,1,"-7,15886802","-34,90628504",SR-PB,UOP01,DEL01
272489,29/02/20,sábado,22:50:00,PB,230,"482,1",MARIZÓPOLIS,Ingestão de Álcool,Atropelamento de Pedestre,Com Vítimas Fatais,Plena Noite,Crescente,Nublado,Simples,Desvio Temporário,Não,2,1,0,0,1,0,0,1,"-6,75751385","-38,29147339",SR-PB,UOP03,DEL03
272572,01/03/20,domingo,12:45:00,PB,101,"83,5",BAYEUX,Falta de Atenção à Condução,Tombamento,Com Vítimas Feridas,Pleno dia,Decrescente,Nublado,Dupla,Reta,Sim,1,0,0,1,0,0,1,1,"-7,1337703","-34,92963914",SR-PB,UOP01,DEL01
272585,01/03/20,domingo,13:00:00,PB,230,37,SANTA RITA,Falta de Atenção à Condução,Saída de leito carroçável,Com Vítimas Feridas,Pleno dia,Decrescente,Céu Claro,Dupla,Reta,Sim,3,0,2,1,0,0,3,1,"-7,1293","-34,9536",SR-PB,UOP03,DEL01
272613,01/03/20,domingo,15:15:00,PB,101,"61,8",SANTA RITA,Desobediência às normas de trânsito pelo condutor,Colisão transversal,Com Vítimas Feridas,Pleno dia,Crescente,Nublado,Dupla,Reta,Não,2,0,1,0,0,1,1,2,"-7,00949401","-35,06072329",SR-PB,UOP04,DEL01
272676,01/03/20,domingo,19:45:00,PB,101,88,JOÃO PESSOA,Pista Escorregadia,Tombamento,Com Vítimas Feridas,Plena Noite,Crescente,Chuva,Dupla,Curva,Sim,1,0,1,0,0,0,1,1,"-7,16470016","-34,89993643",SR-PB,UOP01,DEL01
272715,01/03/20,domingo,22:35:00,PB,230,"28,1",JOÃO PESSOA,Ingestão de Álcool,Colisão com objeto estático,Com Vítimas Feridas,Plena Noite,Decrescente,Nublado,Simples,Viaduto,Sim,2,0,1,1,0,0,2,1,"-7,1651","-34,8941",SR-PB,UOP01,DEL01
280933,01/03/20,domingo,22:30:00,PB,104,131,CAMPINA GRANDE,Pista Escorregadia,Tombamento,Com Vítimas Feridas,Plena Noite,Decrescente,Chuva,Simples,Reta,Sim,2,0,2,0,0,0,2,1,"-7,29900408","-35,89187256",SR-PB,UOP03,DEL02
272734,02/03/20,segunda-feira,01:58:00,PB,230,45,SANTA RITA,Animais na Pista,Saída de leito carroçável,Com Vítimas Feridas,Plena Noite,Decrescente,Chuva,Dupla,Reta,Não,2,0,1,1,0,0,2,1,"-7,1583","-35,0176",SR-PB,UOP03,DEL01
272776,02/03/20,segunda-feira,06:40:00,PB,230,124,RIACHÃO DO BACAMARTE,Falta de Atenção do Pedestre,Atropelamento de Pedestre,Com Vítimas Feridas,Amanhecer,Crescente,Céu Claro,Dupla,Não Informado,Não,2,0,0,1,0,1,1,1,"-7,2465","-35,6751",SR-PB,UOP01,DEL02
272855,02/03/20,segunda-feira,14:10:00,PB,101,"110,1",ALHANDRA,Desobediência às normas de trânsito pelo condutor,Colisão traseira,Com Vítimas Feridas,Pleno dia,Crescente,Sol,Dupla,Interseção de vias,Sim,2,0,1,0,1,0,1,2,"-7,35255626","-34,94940909",SR-PB,UOP01,DEL01
272957,03/03/20,terça-feira,02:20:00,PB,230,"114,1",INGÁ,Condutor Dormindo,Saída de leito carroçável,Com Vítimas Feridas,Plena Noite,Crescente,Nublado,Dupla,Curva,Não,1,0,1,0,0,0,1,1,"-7,2215","-35,5969",SR-PB,UOP03,DEL01
272992,03/03/20,terça-feira,09:42:00,PB,230,"4,3",CABEDELO,Falta de Atenção à Condução,Tombamento,Com Vítimas Feridas,Pleno dia,Crescente,Nublado,Simples,Não Informado,Sim,1,0,1,0,0,0,1,1,"-7,0004","-34,8284",SR-PB,UOP01,DEL01
273041,03/03/20,terça-feira,12:40:00,PB,101,"9,6",MAMANGUAPE,Defeito Mecânico no Veículo,Colisão com objeto estático,Sem Vítimas,Pleno dia,Decrescente,Sol,Dupla,Reta,Não,1,0,0,0,1,0,0,1,"-6,57453301","-35,14429822",SR-PB,UOP04,DEL01
273058,03/03/20,terça-feira,14:50:00,PB,230,"165,5",CAMPINA GRANDE,Velocidade Incompatível,Colisão traseira,Com Vítimas Fatais,Pleno dia,Crescente,Céu Claro,Simples,Curva,Não,2,1,0,0,1,0,0,2,"-7,20525951","-35,95125675",SR-PB,UOP02,DEL02
273168,04/03/20,quarta-feira,08:45:00,PB,230,28,JOÃO PESSOA,Velocidade Incompatível,Colisão traseira,Com Vítimas Feridas,Pleno dia,Decrescente,Céu Claro,Múltipla,Não Informado,Sim,2,0,1,0,1,0,1,2,"-7,1651","-34,8941",SR-PB,UOP01,DEL01
273188,04/03/20,quarta-feira,10:00:00,PB,230,12,CABEDELO,Falta de Atenção à Condução,Colisão traseira,Com Vítimas Feridas,Pleno dia,Decrescente,Céu Claro,Dupla,Reta,Sim,2,0,1,0,1,0,1,2,"-7,068","-34,85",SR-PB,UOP01,DEL01
273289,04/03/20,quarta-feira,22:00:00,PB,230,"163,8",CAMPINA GRANDE,Animais na Pista,Atropelamento de Animal,Com Vítimas Feridas,Plena Noite,Crescente,Céu Claro,Simples,Não Informado,Sim,2,0,2,0,0,0,2,1,"-7,2198","-35,9443",SR-PB,UOP01,DEL02
273322,05/03/20,quinta-feira,06:50:00,PB,230,"23,9",JOÃO PESSOA,Não guardar distância de segurança,Colisão traseira,Com Vítimas Feridas,Pleno dia,Decrescente,Sol,Dupla,Não Informado,Sim,2,0,1,0,1,0,1,2,"-7,1562","-34,8574",SR-PB,UOP01,DEL01
273328,05/03/20,quinta-feira,07:45:00,PB,101,84,BAYEUX,Avarias e/ou desgaste excessivo no pneu,Tombamento,Com Vítimas Feridas,Pleno dia,Crescente,Sol,Dupla,Reta,Sim,2,0,2,0,0,0,2,1,"-7,13957906","-34,92312806",SR-PB,UOP01,DEL01
273391,05/03/20,quinta-feira,14:15:00,PB,230,"24,7",JOÃO PESSOA,Falta de Atenção à Condução,Colisão com objeto estático,Com Vítimas Feridas,Pleno dia,Crescente,Céu Claro,Dupla,Reta,Sim,1,0,1,0,0,0,1,1,"-7,1637","-34,8618",SR-PB,UOP01,DEL01
273393,05/03/20,quinta-feira,13:20:00,PB,101,"97,3",ALHANDRA,Desobediência às normas de trânsito pelo condutor,Colisão traseira,Com Vítimas Feridas,Pleno dia,Crescente,Céu Claro,Dupla,Reta,Sim,3,0,2,0,1,0,2,2,"-7,22098591","-34,91460979",SR-PB,UOP01,DEL01
273418,05/03/20,quinta-feira,17:50:00,PB,101,83,BAYEUX,Defeito Mecânico no Veículo,Queda de ocupante de veículo,Com Vítimas Feridas,Plena Noite,Crescente,Céu Claro,Dupla,Reta,Não,2,0,2,0,0,0,2,1,"-7,1337703","-34,92963914",SR-PB,UOP01,DEL01
273452,05/03/20,quinta-feira,17:15:00,PB,230,"1,2",CABEDELO,Falta de Atenção à Condução,Colisão lateral,Com Vítimas Feridas,Plena Noite,Decrescente,Céu Claro,Simples,Reta,Sim,2,0,1,0,1,0,1,2,"-6,9753","-34,8318",SR-PB,UOP01,DEL01
277065,05/03/20,quinta-feira,09:20:00,PB,230,476,MARIZÓPOLIS,Falta de Atenção à Condução,Colisão transversal,Sem Vítimas,Pleno dia,Crescente,Céu Claro,Simples,Rotatória,Não,2,0,0,0,2,0,0,2,"-6,8298","-38,3177",SR-PB,UOP03,DEL03
273528,06/03/20,sexta-feira,07:00:00,PB,230,"158,9",CAMPINA GRANDE,Não guardar distância de segurança,Colisão traseira,Com Vítimas Feridas,Pleno dia,Crescente,Sol,Simples,Reta,Sim,4,0,1,0,2,1,1,2,"-7,255709","-35,929519",SR-PB,UOP01,DEL02
273691,06/03/20,sexta-feira,21:40:00,PB,104,"112,6",LAGOA SECA,Ingestão de Álcool,Atropelamento de Pedestre,Sem Vítimas,Plena Noite,Crescente,Céu Claro,Simples,Reta,Sim,1,0,0,0,1,0,0,1,"-7,1450288","-35,85692679",SR-PB,UOP04,DEL02
273724,07/03/20,sábado,01:20:00,PB,230,140,CAMPINA GRANDE,Animais na Pista,Atropelamento de Animal,Com Vítimas Feridas,Plena Noite,Crescente,Céu Claro,Dupla,Reta,Não,2,0,1,0,1,0,1,1,"-7,268","-35,7991",SR-PB,UOP01,DEL02
273787,07/03/20,sábado,10:20:00,PB,101,107,ALHANDRA,Ingestão de Álcool,Colisão com objeto estático,Com Vítimas Feridas,Pleno dia,Crescente,Céu Claro,Dupla,Reta,Não,2,0,2,0,0,0,2,1,"-7,32549201","-34,94709877",SR-PB,UOP01,DEL01
273821,07/03/20,sábado,13:40:00,PB,230,"47,9",SANTA RITA,Defeito Mecânico no Veículo,Saída de leito carroçável,Com Vítimas Feridas,Pleno dia,Crescente,Céu Claro,Dupla,Reta,Não,1,0,0,1,0,0,1,1,"-7,1685","-35,032",SR-PB,UOP03,DEL01
273907,07/03/20,sábado,20:40:00,PB,361,4,PATOS,Falta de Atenção à Condução,Queda de ocupante de veículo,Com Vítimas Feridas,Plena Noite,Decrescente,Céu Claro,Simples,Reta,Sim,1,0,0,1,0,0,1,1,"-7,03208047","-37,29365088",SR-PB,UOP01,DEL03
273932,08/03/20,domingo,00:20:00,PB,101,"97,8",ALHANDRA,Velocidade Incompatível,Colisão com objeto estático,Com Vítimas Feridas,Plena Noite,Decrescente,Nublado,Dupla,Reta,Sim,4,0,2,2,0,0,4,1,"-7,2436676","-34,92961518",SR-PB,UOP01,DEL01
274075,08/03/20,domingo,16:00:00,PB,104,"112,5",LAGOA SECA,Desobediência às normas de trânsito pelo condutor,Colisão transversal,Com Vítimas Feridas,Pleno dia,Decrescente,Sol,Simples,Interseção de vias,Sim,8,0,2,0,6,0,2,2,"-7,1450288","-35,85692679",SR-PB,UOP04,DEL02
274142,08/03/20,domingo,20:30:00,PB,405,"5,3",UIRAÚNA,Ingestão de Álcool,Colisão com objeto estático,Com Vítimas Feridas,Plena Noite,Crescente,Nublado,Simples,Interseção de vias,Não,1,0,0,1,0,0,1,1,"-6,494732","-38,394413",SR-PB,UOP03,DEL03
274147,08/03/20,domingo,20:50:00,PB,104,"87,5",REMIGIO,Desobediência às normas de trânsito pelo condutor,Colisão frontal,Com Vítimas Feridas,Plena Noite,Decrescente,Céu Claro,Simples,Reta,Sim,2,0,1,0,1,0,1,2,"-6,96481008","-35,79803462",SR-PB,UOP04,DEL02
274184,08/03/20,domingo,20:50:00,PB,230,"458,9",SOUSA,Ingestão de Álcool,Colisão transversal,Com Vítimas Feridas,Plena Noite,Crescente,Garoa/Chuvisco,Simples,Interseção de vias,Não,4,0,2,2,0,0,4,2,"-6,7774","-38,1808",SR-PB,UOP03,DEL03
285347,08/03/20,domingo,15:00:00,PB,361,16,SANTA TERESINHA,Ultrapassagem Indevida,Colisão frontal,Com Vítimas Feridas,Pleno dia,Decrescente,Céu Claro,Simples,Não Informado,Não,2,0,0,1,0,1,1,2,"-7,057152","-37,396103",SR-PB,UOP01,DEL03
274225,09/03/20,segunda-feira,07:15:00,PB,230,"375,7",CONDADO,Agressão Externa,Colisão com objeto estático,Com Vítimas Feridas,Pleno dia,Decrescente,Céu Claro,Simples,Reta,Sim,3,0,2,0,0,1,2,1,"-6,9088","-37,5918",SR-PB,UOP02,DEL03
274229,09/03/20,segunda-feira,07:30:00,PB,101,20,MAMANGUAPE,Velocidade Incompatível,Saída de leito carroçável,Com Vítimas Feridas,Pleno dia,Decrescente,Céu Claro,Dupla,Não Informado,Não,4,0,4,0,0,0,4,1,"-6,66323695","-35,1143428",SR-PB,UOP04,DEL01
274230,09/03/20,segunda-feira,07:32:00,PB,230,20,JOÃO PESSOA,Falta de Atenção à Condução,Colisão traseira,Com Vítimas Feridas,Pleno dia,Decrescente,Sol,Dupla,Reta,Sim,2,0,1,0,1,0,1,2,"-7,1337","-34,8544",SR-PB,UOP01,DEL01
274248,09/03/20,segunda-feira,09:00:00,PB,230,11,CABEDELO,Falta de Atenção à Condução,Colisão traseira,Com Vítimas Feridas,Pleno dia,Crescente,Céu Claro,Dupla,Reta,Sim,2,0,1,0,0,1,1,2,"-7,0596","-34,8506",SR-PB,UOP01,DEL01
274305,09/03/20,segunda-feira,12:00:00,PB,230,"71,3",SOBRADO,Defeito na Via,Tombamento,Com Vítimas Feridas,Pleno dia,Crescente,Sol,Dupla,Reta,Não,1,0,1,0,0,0,1,1,"-7,1901675","-35,24987143",SR-PB,UOP03,DEL01
274324,09/03/20,segunda-feira,15:30:00,PB,104,"107,3",SÃO SEBASTIÃO DE LAGOA DE  ROCA,Desobediência às normas de trânsito pelo condutor,Colisão transversal,Com Vítimas Feridas,Pleno dia,Decrescente,Sol,Simples,Reta,Sim,2,0,0,1,1,0,1,2,"-7,10299395","-35,8661241",SR-PB,UOP04,DEL02
274327,09/03/20,segunda-feira,16:30:00,PB,230,"405,7",POMBAL,Desobediência às normas de trânsito pelo condutor,Colisão lateral,Com Vítimas Feridas,Anoitecer,Crescente,Céu Claro,Simples,Reta,Sim,2,0,0,1,1,0,1,2,"-6,7888","-37,7923",SR-PB,UOP02,DEL03
274368,09/03/20,segunda-feira,18:35:00,PB,101,109,ALHANDRA,Não guardar distância de segurança,Saída de leito carroçável,Com Vítimas Feridas,Plena Noite,Decrescente,Céu Claro,Múltipla,Reta,Sim,1,0,0,1,0,0,1,1,"-7,34361299","-34,94797909",SR-PB,UOP01,DEL01
274380,09/03/20,segunda-feira,18:30:00,PB,230,"238,9",JUAZEIRINHO,Ingestão de Álcool,Colisão traseira,Com Vítimas Feridas,Plena Noite,Crescente,Céu Claro,Simples,Reta,Não,2,0,0,1,0,1,1,2,"-7,0543","-36,5494",SR-PB,UOP02,DEL02
274443,10/03/20,terça-feira,09:00:00,PB,104,133,QUEIMADAS,Falta de Atenção à Condução,Colisão traseira,Com Vítimas Feridas,Pleno dia,Decrescente,Céu Claro,Simples,Reta,Sim,4,0,1,0,3,0,1,3,"-7,31674795","-35,89500926",SR-PB,UOP03,DEL02
274458,10/03/20,terça-feira,10:45:00,PB,230,"39,8",SANTA RITA,Defeito Mecânico no Veículo,Danos eventuais,Sem Vítimas,Pleno dia,Crescente,Sol,Dupla,Não Informado,Não,1,0,0,0,1,0,0,1,"-7,1381","-34,9707",SR-PB,UOP03,DEL01
274470,10/03/20,terça-feira,11:45:00,PB,230,"17,4",JOÃO PESSOA,Desobediência às normas de trânsito pelo condutor,Colisão lateral,Com Vítimas Feridas,Pleno dia,Crescente,Sol,Dupla,Reta,Sim,3,0,2,0,1,0,2,2,"-7,1121","-34,8426",SR-PB,UOP01,DEL01
274636,11/03/20,quarta-feira,05:10:00,PB,230,160,CAMPINA GRANDE,Falta de Atenção à Condução,Colisão transversal,Com Vítimas Feridas,Amanhecer,Decrescente,Céu Claro,Simples,Reta,Não,2,0,1,1,0,0,2,2,"-7,24378955","-35,93752384",SR-PB,UOP01,DEL02
274673,11/03/20,quarta-feira,09:10:00,PB,101,78,SANTA RITA,Velocidade Incompatível,Saída de leito carroçável,Com Vítimas Feridas,Pleno dia,Crescente,Sol,Dupla,Reta,Não,1,0,0,1,0,0,1,1,"-7,10808295","-34,96293885",SR-PB,UOP04,DEL01
274838,12/03/20,quinta-feira,05:55:00,PB,101,124,CAAPORA,Velocidade Incompatível,Saída de leito carroçável,Sem Vítimas,Amanhecer,Crescente,Chuva,Dupla,Não Informado,Não,1,0,0,0,0,1,0,1,"-7,46746892","-34,9772648",SR-PB,UOP01,DEL01
274913,12/03/20,quinta-feira,16:40:00,PB,101,112,PEDRAS DE FOGO,Pista Escorregadia,Saída de leito carroçável,Com Vítimas Feridas,Anoitecer,Decrescente,Chuva,Dupla,Rotatória,Não,4,0,4,0,0,0,4,1,"-7,36987092","-34,95429127",SR-PB,UOP01,DEL01
274981,12/03/20,quinta-feira,22:50:00,PB,230,"2,9",CABEDELO,Falta de Atenção à Condução,Colisão lateral,Com Vítimas Feridas,Plena Noite,Crescente,Chuva,Dupla,Reta,Sim,3,0,1,1,1,0,2,2,"-6,9837","-34,8295",SR-PB,UOP01,DEL01
274987,12/03/20,quinta-feira,22:10:00,PB,230,"200,1",POCINHOS,Ingestão de Álcool,Colisão com objeto estático,Sem Vítimas,Plena Noite,Decrescente,Chuva,Simples,Reta,Não,2,0,0,0,2,0,0,1,"-7,1037","-36,2363",SR-PB,UOP02,DEL02
274995,13/03/20,sexta-feira,01:10:00,PB,101,"38,9",MAMANGUAPE,Ingestão de Álcool,Colisão com objeto estático,Com Vítimas Feridas,Plena Noite,Decrescente,Chuva,Simples,Interseção de vias,Sim,1,0,1,0,0,0,1,1,"-6,84219492","-35,13599396",SR-PB,UOP04,DEL01
275050,13/03/20,sexta-feira,09:30:00,PB,101,"23,5",RIO TINTO,Avarias e/ou desgaste excessivo no pneu,Tombamento,Com Vítimas Feridas,Pleno dia,Decrescente,Nublado,Dupla,Curva,Não,2,0,2,0,0,0,2,1,"-6,69006397","-35,11528625",SR-PB,UOP04,DEL01
275096,13/03/20,sexta-feira,13:25:00,PB,101,"104,9",ALHANDRA,Pista Escorregadia,Saída de leito carroçável,Sem Vítimas,Pleno dia,Crescente,Chuva,Dupla,Reta,Não,1,0,0,0,1,0,0,1,"-7,30029088","-34,93888622",SR-PB,UOP01,DEL01
275139,13/03/20,sexta-feira,17:00:00,PB,230,"136,5",CAMPINA GRANDE,Condutor Dormindo,Saída de leito carroçável,Com Vítimas Feridas,Pleno dia,Crescente,Nublado,Dupla,Reta,Não,3,0,3,0,0,0,3,1,"-7,276003","-35,777997",SR-PB,UOP01,DEL02
275171,13/03/20,sexta-feira,19:12:00,PB,101,"59,9",SANTA RITA,Falta de Atenção à Condução,Colisão traseira,Com Vítimas Feridas,Plena Noite,Decrescente,Nublado,Dupla,Reta,Não,3,0,0,1,0,2,1,2,"-6,99352402","-35,06896004",SR-PB,UOP04,DEL01
275297,14/03/20,sábado,07:45:00,PB,230,"473,3",SOUSA,Desobediência às normas de trânsito pelo condutor,Colisão com objeto estático,Com Vítimas Fatais,Pleno dia,Decrescente,Céu Claro,Simples,Reta,Não,8,1,4,1,2,0,5,3,"-6,8131","-38,31",SR-PB,UOP03,DEL03
275299,14/03/20,sábado,10:10:00,PB,230,"148,2",CAMPINA GRANDE,Falta de Atenção à Condução,Colisão lateral,Com Vítimas Feridas,Pleno dia,Crescente,Nublado,Dupla,Reta,Sim,2,0,1,1,0,0,2,2,"-7,238","-35,8656",SR-PB,UOP01,DEL02
275309,14/03/20,sábado,11:25:00,PB,101,88,JOÃO PESSOA,Falta de Atenção à Condução,Tombamento,Com Vítimas Feridas,Pleno dia,Crescente,Sol,Dupla,Reta,Sim,3,0,2,0,0,1,2,1,"-7,16470016","-34,89993643",SR-PB,UOP01,DEL01
275315,14/03/20,sábado,05:45:00,PB,230,22,JOÃO PESSOA,Falta de Atenção à Condução,Tombamento,Com Vítimas Feridas,Pleno dia,Crescente,Nublado,Dupla,Reta,Sim,1,0,1,0,0,0,1,1,"-7,1495","-34,8517",SR-PB,UOP01,DEL01
275463,14/03/20,sábado,23:20:00,PB,101,"81,5",BAYEUX,Desobediência às normas de trânsito pelo condutor,Colisão traseira,Sem Vítimas,Plena Noite,Crescente,Céu Claro,Dupla,Reta,Não,2,0,0,0,0,2,0,2,"-7,12508575","-34,94513217",SR-PB,UOP01,DEL01
275542,15/03/20,domingo,15:20:00,PB,101,"105,9",ALHANDRA,Ingestão de Álcool,Saída de leito carroçável,Com Vítimas Feridas,Pleno dia,Crescente,Nublado,Dupla,Não Informado,Não,2,0,1,0,1,0,1,2,"-7,31747224","-34,9467284",SR-PB,UOP01,DEL01
275544,15/03/20,domingo,16:00:00,PB,101,105,ALHANDRA,Velocidade Incompatível,Colisão traseira,Com Vítimas Feridas,Pleno dia,Crescente,Chuva,Dupla,Curva,Não,6,0,2,1,3,0,3,3,"-7,30814609","-34,94344185",SR-PB,UOP01,DEL01
275563,15/03/20,domingo,17:20:00,PB,230,"44,1",SANTA RITA,Falta de Atenção à Condução,Colisão traseira,Sem Vítimas,Anoitecer,Decrescente,Chuva,Dupla,Reta,Não,3,0,0,0,2,1,0,2,"-7,1531","-35,0102",SR-PB,UOP03,DEL01
275572,15/03/20,domingo,17:40:00,PB,101,120,CAAPORA,Ingestão de Álcool,Colisão lateral,Com Vítimas Feridas,Plena Noite,Decrescente,Céu Claro,Dupla,Reta,Não,5,0,2,0,2,1,2,2,"-7,43522578","-34,9727831",SR-PB,UOP01,DEL01
275610,15/03/20,domingo,18:20:00,PB,230,478,MARIZÓPOLIS,Desobediência às normas de trânsito pelo pedestre,Atropelamento de Pedestre,Com Vítimas Feridas,Anoitecer,Crescente,Chuva,Simples,Reta,Sim,2,0,0,1,0,1,1,1,"-6,8435","-38,341029",SR-PB,UOP03,DEL03
275636,15/03/20,domingo,22:00:00,PB,230,15,JOÃO PESSOA,Ingestão de Álcool,Queda de ocupante de veículo,Com Vítimas Feridas,Plena Noite,Crescente,Nublado,Dupla,Reta,Sim,1,0,1,0,0,0,1,1,"-7,093","-34,8482",SR-PB,UOP01,DEL01
275649,15/03/20,domingo,23:10:00,PB,230,"19,8",JOÃO PESSOA,Ingestão de Álcool,Colisão com objeto estático,Sem Vítimas,Plena Noite,Crescente,Céu Claro,Dupla,Curva,Sim,1,0,0,0,1,0,0,1,"-7,1281","-34,8466",SR-PB,UOP01,DEL01
275795,16/03/20,segunda-feira,15:45:00,PB,116,"3,5",CACHOEIRA DOS INDIOS,Defeito Mecânico no Veículo,Colisão com objeto estático,Com Vítimas Feridas,Pleno dia,Crescente,Nublado,Simples,Curva,Não,3,0,2,0,1,0,2,1,"-6,927063","-38,727321",SR-CE,UOP03,DEL05
277327,16/03/20,segunda-feira,06:30:00,PB,230,136,CAMPINA GRANDE,Pista Escorregadia,Saída de leito carroçável,Com Vítimas Fatais,Pleno dia,Crescente,Garoa/Chuvisco,Dupla,Curva,Não,3,1,1,0,0,1,1,2,"-7,2818","-35,7675",SR-PB,UOP01,DEL02
281159,16/03/20,segunda-feira,14:15:00,PB,230,"173,1",CAMPINA GRANDE,Ultrapassagem Indevida,Colisão traseira,Com Vítimas Feridas,Pleno dia,Decrescente,Nublado,Simples,Desvio Temporário,Não,8,0,2,0,5,1,2,7,"-7,1796","-36,0075",SR-PB,UOP02,DEL02
275918,17/03/20,terça-feira,06:50:00,PB,104,"105,9",ESPERANÇA,Pista Escorregadia,Colisão frontal,Com Vítimas Fatais,Pleno dia,Crescente,Sol,Simples,Reta,Não,2,1,0,0,1,0,0,2,"-7,08938993","-35,85454407",SR-PB,UOP04,DEL02
275953,17/03/20,terça-feira,11:50:00,PB,230,"160,3",CAMPINA GRANDE,Não guardar distância de segurança,Colisão traseira,Sem Vítimas,Pleno dia,Decrescente,Céu Claro,Simples,Reta,Sim,2,0,0,0,2,0,0,2,"-7,2436","-35,9375",SR-PB,UOP01,DEL02
275967,17/03/20,terça-feira,14:00:00,PB,230,345,PATOS,Falta de Atenção do Pedestre,Saída de leito carroçável,Com Vítimas Feridas,Pleno dia,Crescente,Sol,Simples,Não Informado,Não,1,0,1,0,0,0,1,1,"-6,9738","-37,3462",SR-PB,UOP01,DEL03
276132,18/03/20,quarta-feira,12:10:00,PB,101,"84,2",BAYEUX,Desobediência às normas de trânsito pelo condutor,Colisão transversal,Sem Vítimas,Pleno dia,Decrescente,Sol,Simples,Interseção de vias,Sim,2,0,0,0,2,0,0,2,"-7,13957906","-34,92312806",SR-PB,UOP01,DEL01
276244,18/03/20,quarta-feira,21:30:00,PB,230,23,JOÃO PESSOA,Avarias e/ou desgaste excessivo no pneu,Queda de ocupante de veículo,Com Vítimas Feridas,Plena Noite,Crescente,Céu Claro,Dupla,Não Informado,Sim,2,0,1,0,1,0,1,1,"-7,13519755","-34,79318082",SR-PB,UOP01,DEL01
276248,18/03/20,quarta-feira,21:50:00,PB,104,"128,8",CAMPINA GRANDE,Desobediência às normas de trânsito pelo condutor,Colisão transversal,Com Vítimas Feridas,Plena Noite,Decrescente,Garoa/Chuvisco,Simples,Retorno Regulamentado,Sim,2,0,0,1,1,0,1,2,"-7,27903847","-35,8887291",SR-PB,UOP01,DEL02
276299,19/03/20,quinta-feira,04:45:00,PB,230,"190,3",POCINHOS,Condutor Dormindo,Colisão com objeto estático,Sem Vítimas,Amanhecer,Decrescente,Nublado,Simples,Reta,Não,1,0,0,0,1,0,0,1,"-7,1361","-36,153",SR-PB,UOP02,DEL02
276301,19/03/20,quinta-feira,05:55:00,PB,101,81,BAYEUX,Defeito Mecânico no Veículo,Saída de leito carroçável,Sem Vítimas,Pleno dia,Crescente,Nublado,Dupla,Não Informado,Sim,1,0,0,0,1,0,0,1,"-7,12508575","-34,94513217",SR-PB,UOP01,DEL01
276361,19/03/20,quinta-feira,10:35:00,PB,230,"142,9",CAMPINA GRANDE,Mal Súbito,Queda de ocupante de veículo,Com Vítimas Feridas,Pleno dia,Crescente,Céu Claro,Dupla,Não Informado,Não,1,0,1,0,0,0,1,1,"-7,2573","-35,8131",SR-PB,UOP01,DEL02
276449,19/03/20,quinta-feira,22:00:00,PB,361,"5,8",PATOS,Ingestão de álcool e/ou substâncias psicoativas pelo pedestre,Tombamento,Com Vítimas Feridas,Plena Noite,Crescente,Céu Claro,Simples,Reta,Sim,3,0,2,0,1,0,2,1,"-7,0342983","-37,30232718",SR-PB,UOP01,DEL03
278406,19/03/20,quinta-feira,04:30:00,PB,230,"334,2",PATOS,Restrição de Visibilidade,Saída de leito carroçável,Sem Vítimas,Amanhecer,Decrescente,Chuva,Dupla,Rotatória,Sim,1,0,0,0,1,0,0,1,"-7,018","-37,2589",SR-PB,UOP01,DEL03
276528,20/03/20,sexta-feira,11:32:00,PB,230,"21,5",JOÃO PESSOA,Velocidade Incompatível,Colisão traseira,Com Vítimas Feridas,Pleno dia,Decrescente,Céu Claro,Dupla,Não Informado,Sim,2,0,1,0,1,0,1,2,"-7,1415","-34,8519",SR-PB,UOP01,DEL01
276555,20/03/20,sexta-feira,15:05:00,PB,230,4,CABEDELO,Desobediência às normas de trânsito pelo condutor,Colisão transversal,Com Vítimas Feridas,Pleno dia,Crescente,Sol,Simples,Não Informado,Sim,2,0,1,0,1,0,1,2,"-7,00557254","-34,82956323",SR-PB,UOP01,DEL01
276563,20/03/20,sexta-feira,15:30:00,PB,101,86,JOÃO PESSOA,Falta de Atenção à Condução,Colisão lateral,Com Vítimas Feridas,Pleno dia,Crescente,Céu Claro,Dupla,Reta,Sim,2,0,1,0,1,0,1,2,"-7,15118983","-34,91012184",SR-PB,UOP01,DEL01
278640,20/03/20,sexta-feira,19:20:00,PB,230,458,SOUSA,Velocidade Incompatível,Colisão lateral,Com Vítimas Feridas,Plena Noite,Crescente,Nublado,Simples,Reta,Não,4,0,3,0,1,0,3,2,"-6,7774","-38,1808",SR-PB,UOP03,DEL03
276653,21/03/20,sábado,02:00:00,PB,101,78,SANTA RITA,Desobediência às normas de trânsito pelo condutor,Colisão frontal,Com Vítimas Feridas,Plena Noite,Crescente,Céu Claro,Dupla,Reta,Não,4,0,3,1,0,0,4,2,"-7,10808295","-34,96293885",SR-PB,UOP04,DEL01
276719,21/03/20,sábado,15:40:00,PB,230,20,JOÃO PESSOA,Desobediência às normas de trânsito pelo condutor,Colisão transversal,Com Vítimas Feridas,Pleno dia,Decrescente,Sol,Dupla,Curva,Sim,2,0,1,0,1,0,1,2,"-7,1337","-34,8544",SR-PB,UOP01,DEL01
276742,21/03/20,sábado,18:07:00,PB,230,"68,6",SOBRADO,Falta de Atenção à Condução,Colisão traseira,Com Vítimas Feridas,Plena Noite,Decrescente,Céu Claro,Dupla,Reta,Não,2,0,0,1,0,1,1,2,"-7,1873","-35,2065",SR-PB,UOP03,DEL01
276824,22/03/20,domingo,11:15:00,PB,230,"142,2",CAMPINA GRANDE,Defeito Mecânico no Veículo,Tombamento,Com Vítimas Feridas,Pleno dia,Crescente,Nublado,Dupla,Não Informado,Não,2,0,2,0,0,0,2,1,"-7,255882","-35,820907",SR-PB,UOP01,DEL02
276862,22/03/20,domingo,18:40:00,PB,101,"95,2",CONDE,Falta de Atenção à Condução,Colisão com objeto estático,Com Vítimas Feridas,Plena Noite,Decrescente,Céu Claro,Múltipla,Reta,Não,1,0,1,0,0,0,1,1,"-7,22379403","-34,91488195",SR-PB,UOP01,DEL01
276918,22/03/20,domingo,22:30:00,PB,230,179,POCINHOS,Desobediência às normas de trânsito pelo condutor,Saída de leito carroçável,Com Vítimas Feridas,Plena Noite,Decrescente,Céu Claro,Simples,Reta,Não,2,0,1,0,0,1,1,1,"-7,1663","-36,0578",SR-PB,UOP02,DEL02
277020,24/03/20,terça-feira,06:00:00,PB,230,"191,7",POCINHOS,Não guardar distância de segurança,Colisão frontal,Com Vítimas Feridas,Amanhecer,Decrescente,Nublado,Simples,Reta,Não,2,0,2,0,0,0,2,2,"-7,1331","-36,1616",SR-PB,UOP02,DEL02
277070,24/03/20,terça-feira,15:45:00,PB,101,78,SANTA RITA,Desobediência às normas de trânsito pelo condutor,Colisão com objeto estático,Com Vítimas Feridas,Pleno dia,Decrescente,Céu Claro,Dupla,Reta,Não,2,0,0,2,0,0,2,1,"-7,10808295","-34,96293885",SR-PB,UOP04,DEL01
277082,24/03/20,terça-feira,17:45:00,PB,230,25,JOÃO PESSOA,Não guardar distância de segurança,Colisão lateral,Com Vítimas Feridas,Anoitecer,Decrescente,Céu Claro,Dupla,Reta,Sim,2,0,2,0,0,0,2,2,"-7,1707","-34,8684",SR-PB,UOP01,DEL01
277178,25/03/20,quarta-feira,18:00:00,PB,104,"133,5",QUEIMADAS,Avarias e/ou desgaste excessivo no pneu,Colisão frontal,Com Vítimas Feridas,Plena Noite,Decrescente,Chuva,Simples,Reta,Sim,3,0,2,0,1,0,2,2,"-7,31674795","-35,89500926",SR-PB,UOP03,DEL02
277206,25/03/20,quarta-feira,20:55:00,PB,405,"51,8",MARIZÓPOLIS,Fenômenos da Natureza,Saída de leito carroçável,Com Vítimas Feridas,Plena Noite,Crescente,Chuva,Simples,Não Informado,Sim,2,0,2,0,0,0,2,1,"-6,845396","-38,360341",SR-PB,UOP03,DEL03
277215,26/03/20,quinta-feira,03:50:00,PB,101,"126,6",CAAPORA,Falta de Atenção do Pedestre,Atropelamento de Pedestre,Com Vítimas Feridas,Plena Noite,Crescente,Nublado,Dupla,Reta,Não,2,0,1,0,1,0,1,1,"-7,48484909","-34,98096868",SR-PB,UOP01,DEL01
277216,26/03/20,quinta-feira,02:00:00,PB,104,"90,6",ESPERANÇA,Condutor Dormindo,Colisão com objeto estático,Sem Vítimas,Plena Noite,Decrescente,Céu Claro,Dupla,Reta,Sim,1,0,0,0,0,1,0,1,"-6,97533024","-35,81785095",SR-PB,UOP04,DEL02
277293,26/03/20,quinta-feira,17:30:00,PB,427,0,PAULISTA,Falta de Atenção à Condução,Colisão traseira,Com Vítimas Feridas,Anoitecer,Crescente,Céu Claro,Simples,Curva,Não,3,0,1,0,2,0,1,2,"-6,652994","-37,499153",SR-PB,UOP02,DEL03
277347,27/03/20,sexta-feira,13:20:00,PB,230,"130,6",CAMPINA GRANDE,Velocidade Incompatível,Colisão com objeto estático,Com Vítimas Feridas,Pleno dia,Crescente,Nublado,Dupla,Curva,Não,2,0,2,0,0,0,2,1,"-7,277617","-35,732525",SR-PB,UOP01,DEL02
277533,29/03/20,domingo,00:01:00,PB,101,22,MAMANGUAPE,Ingestão de álcool e/ou substâncias psicoativas pelo pedestre,Colisão com objeto estático,Com Vítimas Feridas,Plena Noite,Crescente,Céu Claro,Dupla,Reta,Não,2,0,2,0,0,0,2,1,"-6,68108401","-35,11407491",SR-PB,UOP04,DEL01
277624,29/03/20,domingo,17:50:00,PB,104,"134,9",QUEIMADAS,Defeito Mecânico no Veículo,Colisão frontal,Com Vítimas Feridas,Anoitecer,Decrescente,Chuva,Simples,Reta,Não,7,0,0,5,2,0,5,2,"-7,325663","-35,896521",SR-PB,UOP03,DEL02
277656,29/03/20,domingo,20:20:00,PB,230,243,JUAZEIRINHO,Desobediência às normas de trânsito pelo condutor,Colisão lateral,Com Vítimas Feridas,Plena Noite,Decrescente,Garoa/Chuvisco,Simples,Reta,Sim,2,0,0,1,0,1,1,2,"-7,0689","-36,5893",SR-PB,UOP02,DEL02
281049,29/03/20,domingo,17:50:00,PB,104,"134,9",QUEIMADAS,Defeito Mecânico no Veículo,Colisão frontal,Com Vítimas Feridas,Anoitecer,Decrescente,Chuva,Simples,Reta,Não,7,0,0,5,2,0,5,2,"-7,32562205","-35,89657067",SR-PB,UOP03,DEL02
277679,30/03/20,segunda-feira,04:40:00,PB,101,"1,4",MATARACA,Velocidade Incompatível,Colisão com objeto estático,Com Vítimas Feridas,Amanhecer,Decrescente,Chuva,Dupla,Reta,Não,2,0,1,0,1,0,1,1,"-6,51423092","-35,11133633",SR-PB,UOP04,DEL01
277689,30/03/20,segunda-feira,07:45:00,PB,101,"35,7",MAMANGUAPE,Avarias e/ou desgaste excessivo no pneu,Colisão com objeto estático,Com Vítimas Feridas,Pleno dia,Crescente,Chuva,Dupla,Reta,Não,3,0,1,0,0,2,1,1,"-6,79401305","-35,13707183",SR-PB,UOP04,DEL01
277798,31/03/20,terça-feira,06:00:00,PB,101,108,ALHANDRA,Velocidade Incompatível,Saída de leito carroçável,Com Vítimas Feridas,Pleno dia,Decrescente,Chuva,Dupla,Reta,Sim,1,0,1,0,0,0,1,1,"-7,33454898","-34,94758056",SR-PB,UOP01,DEL01
277812,31/03/20,terça-feira,08:40:00,PB,230,"130,6",CAMPINA GRANDE,Velocidade Incompatível,Colisão com objeto estático,Com Vítimas Feridas,Pleno dia,Crescente,Nublado,Dupla,Não Informado,Não,2,0,2,0,0,0,2,1,"-7,277615","-35,731835",SR-PB,UOP01,DEL02
277837,31/03/20,terça-feira,14:15:00,PB,230,20,JOÃO PESSOA,Falta de Atenção à Condução,Queda de ocupante de veículo,Com Vítimas Feridas,Pleno dia,Crescente,Nublado,Dupla,Reta,Não,1,0,1,0,0,0,1,1,"-7,1337","-34,8544",SR-PB,UOP01,DEL01
277858,31/03/20,terça-feira,16:00:00,PB,116,"9,3",CACHOEIRA DOS INDIOS,Velocidade Incompatível,Saída de leito carroçável,Com Vítimas Feridas,Pleno dia,Decrescente,Chuva,Simples,Não Informado,Não,1,0,1,0,0,0,1,1,"-6,970903","-38,734009",SR-CE,UOP03,DEL05
277863,31/03/20,terça-feira,17:55:00,PB,230,17,JOÃO PESSOA,Desobediência às normas de trânsito pelo condutor,Colisão lateral,Sem Vítimas,Plena Noite,Crescente,Céu Claro,Dupla,Retorno Regulamentado,Sim,3,0,0,0,3,0,0,3,"-7,11831009","-34,8442018",SR-PB,UOP01,DEL01
277867,31/03/20,terça-feira,18:45:00,PB,230,27,JOÃO PESSOA,Desobediência às normas de trânsito pelo condutor,Colisão transversal,Com Vítimas Feridas,Plena Noite,Decrescente,Nublado,Dupla,Reta,Sim,2,0,2,0,0,0,2,2,"-7,1677","-34,8855",SR-PB,UOP01,DEL01
278022,01/04/20,quarta-feira,21:15:00,PB,230,"26,7",JOÃO PESSOA,Animais na Pista,Atropelamento de Animal,Com Vítimas Feridas,Plena Noite,Crescente,Céu Claro,Dupla,Reta,Não,1,0,0,1,0,0,1,1,"-7,1693","-34,8782",SR-PB,UOP01,DEL01
278066,02/04/20,quinta-feira,12:05:00,PB,101,11,MAMANGUAPE,Defeito na Via,Colisão com objeto estático,Com Vítimas Feridas,Pleno dia,Crescente,Chuva,Dupla,Curva,Sim,4,0,4,0,0,0,4,1,"-6,59256898","-35,14508356",SR-PB,UOP04,DEL01
278133,02/04/20,quinta-feira,19:30:00,PB,361,"82,6",PIANCO,Ingestão de Álcool,Colisão transversal,Com Vítimas Feridas,Plena Noite,Decrescente,Céu Claro,Simples,Reta,Sim,3,0,1,0,2,0,1,2,"-7,18842343","-37,91178106",SR-PB,UOP01,DEL03
278134,02/04/20,quinta-feira,20:30:00,PB,101,"6,9",MAMANGUAPE,Ingestão de Álcool,Colisão com objeto estático,Com Vítimas Feridas,Plena Noite,Decrescente,Céu Claro,Dupla,Reta,Não,2,0,1,1,0,0,2,1,"-6,55395097","-35,12900895",SR-PB,UOP04,DEL01
278147,03/04/20,sexta-feira,00:30:00,PB,230,"5,8",CABEDELO,Ingestão de Álcool,Saída de leito carroçável,Com Vítimas Fatais,Plena Noite,Crescente,Nublado,Dupla,Interseção de vias,Sim,1,1,0,0,0,0,0,1,"-7,016727","-34,8343",SR-PB,UOP01,DEL01
278197,03/04/20,sexta-feira,11:45:00,PB,104,"96,1",ESPERANÇA,Desobediência às normas de trânsito pelo condutor,Colisão frontal,Com Vítimas Feridas,Pleno dia,Crescente,Sol,Simples,Interseção de vias,Sim,2,0,1,0,1,0,1,2,"-7,01186036","-35,85589407",SR-PB,UOP04,DEL02
278222,03/04/20,sexta-feira,14:45:00,PB,230,"158,6",CAMPINA GRANDE,Desobediência às normas de trânsito pelo condutor,Colisão lateral,Com Vítimas Feridas,Pleno dia,Decrescente,Céu Claro,Simples,Reta,Sim,2,0,1,0,1,0,1,2,"-7,2582","-35,9267",SR-PB,UOP01,DEL02
278230,03/04/20,sexta-feira,16:15:00,PB,230,24,JOÃO PESSOA,Falta de Atenção à Condução,Colisão traseira,Com Vítimas Feridas,Pleno dia,Decrescente,Nublado,Dupla,Não Informado,Sim,2,0,1,0,1,0,1,2,"-7,1637","-34,8618",SR-PB,UOP01,DEL01
278277,03/04/20,sexta-feira,22:00:00,PB,230,"10,3",CABEDELO,Avarias e/ou desgaste excessivo no pneu,Tombamento,Com Vítimas Feridas,Plena Noite,Decrescente,Nublado,Dupla,Curva,Sim,2,0,2,0,0,0,2,1,"-7,0514","-34,8499",SR-PB,UOP01,DEL01
278279,03/04/20,sexta-feira,22:00:00,PB,230,"17,2",JOÃO PESSOA,Ingestão de Álcool,Colisão traseira,Sem Vítimas,Plena Noite,Crescente,Nublado,Múltipla,Curva,Sim,2,0,0,0,2,0,0,2,"-7,1121","-34,8426",SR-PB,UOP01,DEL01
278328,04/04/20,sábado,08:30:00,PB,230,"45,1",SANTA RITA,Ingestão de Álcool,Saída de leito carroçável,Com Vítimas Feridas,Pleno dia,Decrescente,Céu Claro,Dupla,Reta,Não,1,0,1,0,0,0,1,1,"-7,1583","-35,0176",SR-PB,UOP03,DEL01
278401,04/04/20,sábado,20:00:00,PB,361,4,PATOS,Pista Escorregadia,Queda de ocupante de veículo,Com Vítimas Feridas,Plena Noite,Crescente,Garoa/Chuvisco,Simples,Reta,Sim,1,0,1,0,0,0,1,1,"-7,03208047","-37,29365088",SR-PB,UOP01,DEL03
278487,05/04/20,domingo,10:15:00,PB,230,15,CABEDELO,Velocidade Incompatível,Colisão com objeto estático,Com Vítimas Feridas,Pleno dia,Crescente,Céu Claro,Dupla,Viaduto,Sim,2,0,1,1,0,0,2,1,"-7,093","-34,8482",SR-PB,UOP01,DEL01
278513,05/04/20,domingo,15:30:00,PB,361,"58,7",OLHO DAGUA,Ingestão de Álcool,Colisão com objeto estático,Com Vítimas Fatais,Pleno dia,Decrescente,Céu Claro,Simples,Ponte,Não,5,4,1,0,0,0,1,1,"-7,18678818","-37,71266379",SR-PB,UOP01,DEL03
278514,05/04/20,domingo,15:50:00,PB,230,"55,9",SANTA RITA,Condutor Dormindo,Saída de leito carroçável,Com Vítimas Feridas,Pleno dia,Decrescente,Sol,Dupla,Reta,Não,3,0,3,0,0,0,3,1,"-7,2014","-35,0943",SR-PB,UOP03,DEL01
278533,05/04/20,domingo,16:30:00,PB,101,77,SANTA RITA,Mal Súbito,Saída de leito carroçável,Com Vítimas Feridas,Pleno dia,Crescente,Céu Claro,Dupla,Reta,Não,1,0,1,0,0,0,1,1,"-7,09947194","-34,96574283",SR-PB,UOP04,DEL01
278586,05/04/20,domingo,21:50:00,PB,230,"159,5",CAMPINA GRANDE,Ingestão de Álcool,Colisão transversal,Com Vítimas Feridas,Plena Noite,Crescente,Nublado,Simples,Não Informado,Sim,3,0,1,0,2,0,1,2,"-7,252","-35,9334",SR-PB,UOP01,DEL02
278568,06/04/20,segunda-feira,00:15:00,PB,101,38,MAMANGUAPE,Ingestão de Álcool,Colisão com objeto estático,Com Vítimas Feridas,Plena Noite,Crescente,Céu Claro,Dupla,Reta,Não,1,0,1,0,0,0,1,1,"-6,82073498","-35,13858694",SR-PB,UOP04,DEL01
278569,06/04/20,segunda-feira,03:30:00,PB,101,87,JOÃO PESSOA,Falta de Atenção à Condução,Saída de leito carroçável,Sem Vítimas,Plena Noite,Decrescente,Nublado,Dupla,Curva,Não,1,0,0,0,0,1,0,1,"-7,15886802","-34,90628504",SR-PB,UOP01,DEL01
278759,07/04/20,terça-feira,09:00:00,PB,101,"60,8",SANTA RITA,Falta de Atenção à Condução,Atropelamento de Pedestre,Com Vítimas Feridas,Pleno dia,Decrescente,Céu Claro,Dupla,Não Informado,Não,2,0,1,0,0,1,1,1,"-7,00141407","-35,06459811",SR-PB,UOP04,DEL01
278812,07/04/20,terça-feira,17:15:00,PB,230,"18,8",JOÃO PESSOA,Carga excessiva e/ou mal acondicionada,Derramamento de carga,Com Vítimas Feridas,Anoitecer,Crescente,Céu Claro,Dupla,Não Informado,Não,2,0,0,1,1,0,1,2,"-7,12638561","-34,84553033",SR-PB,UOP01,DEL01
278963,08/04/20,quarta-feira,20:30:00,PB,230,19,JOÃO PESSOA,Animais na Pista,Atropelamento de Animal,Com Vítimas Feridas,Plena Noite,Crescente,Céu Claro,Dupla,Não Informado,Sim,1,0,1,0,0,0,1,1,"-7,1281","-34,8466",SR-PB,UOP01,DEL01
279095,09/04/20,quinta-feira,17:40:00,PB,230,40,SANTA RITA,Falta de Atenção do Pedestre,Atropelamento de Pedestre,Com Vítimas Fatais,Anoitecer,Crescente,Nublado,Dupla,Reta,Não,2,1,0,0,1,0,0,1,"-7,141947","-34,992569",SR-PB,UOP03,DEL01
279097,09/04/20,quinta-feira,18:00:00,PB,230,"42,7",SANTA RITA,Defeito na Via,Tombamento,Com Vítimas Feridas,Anoitecer,Crescente,Céu Claro,Dupla,Não Informado,Não,2,0,1,1,0,0,2,1,"-7,1426","-34,9956",SR-PB,UOP03,DEL01
279177,10/04/20,sexta-feira,03:00:00,PB,230,"7,7",CABEDELO,Falta de Atenção à Condução,Colisão com objeto estático,Com Vítimas Feridas,Plena Noite,Crescente,Chuva,Dupla,Reta,Sim,1,0,1,0,0,0,1,1,"-7,026","-34,8385",SR-PB,UOP01,DEL01
279182,10/04/20,sexta-feira,06:00:00,PB,104,131,CAMPINA GRANDE,Falta de Atenção à Condução,Saída de leito carroçável,Sem Vítimas,Pleno dia,Decrescente,Céu Claro,Simples,Interseção de vias,Não,1,0,0,0,0,1,0,1,"-7,30787596","-35,89344027",SR-PB,UOP03,DEL02
279305,11/04/20,sábado,07:20:00,PB,230,25,JOÃO PESSOA,Falta de Atenção à Condução,Tombamento,Com Vítimas Feridas,Pleno dia,Crescente,Céu Claro,Múltipla,Não Informado,Sim,1,0,1,0,0,0,1,1,"-7,1707","-34,8684",SR-PB,UOP01,DEL01
279335,11/04/20,sábado,11:18:00,PB,230,"169,8",CAMPINA GRANDE,Desobediência às normas de trânsito pelo condutor,Colisão transversal,Com Vítimas Feridas,Pleno dia,Decrescente,Sol,Simples,Curva,Sim,3,0,2,0,1,0,2,2,"-7,1853","-35,9764",SR-PB,UOP02,DEL02
279375,11/04/20,sábado,18:10:00,PB,230,"263,9",JUNCO DO SERIDO,Animais na Pista,Atropelamento de Animal,Sem Vítimas,Plena Noite,Decrescente,Céu Claro,Simples,Reta,Não,1,0,0,0,1,0,0,1,"-6,984","-36,7279",SR-PB,UOP01,DEL03
279459,12/04/20,domingo,08:00:00,PB,230,407,POMBAL,Falta de Atenção à Condução,Colisão frontal,Com Vítimas Feridas,Pleno dia,Crescente,Céu Claro,Simples,Reta,Sim,2,0,0,1,0,1,1,2,"-6,7733","-37,798",SR-PB,UOP02,DEL03
279604,13/04/20,segunda-feira,01:30:00,PB,230,489,CAJAZEIRAS,Animais na Pista,Atropelamento de Animal,Com Vítimas Feridas,Plena Noite,Decrescente,Céu Claro,Simples,Reta,Não,1,0,0,1,0,0,1,1,"-6,8675","-38,4144",SR-PB,UOP03,DEL03
279617,13/04/20,segunda-feira,07:00:00,PB,230,23,JOÃO PESSOA,Defeito Mecânico no Veículo,Tombamento,Com Vítimas Feridas,Pleno dia,Decrescente,Céu Claro,Dupla,Reta,Sim,2,0,2,0,0,0,2,1,"-7,1562","-34,8574",SR-PB,UOP01,DEL01
279648,13/04/20,segunda-feira,11:00:00,PB,104,166,BARRA DE SANTANA,Defeito Mecânico no Veículo,Incêndio,Sem Vítimas,Pleno dia,Crescente,Céu Claro,Simples,Desvio Temporário,Não,1,0,0,0,1,0,0,1,"-7,56253597","-36,00840527",SR-PB,UOP03,DEL02
279740,13/04/20,segunda-feira,21:30:00,PB,230,"138,2",CAMPINA GRANDE,Falta de Atenção do Pedestre,Atropelamento de Pedestre,Com Vítimas Feridas,Plena Noite,Decrescente,Céu Claro,Dupla,Reta,Não,2,0,1,1,0,0,2,1,"-7,27605859","-35,77843666",SR-PB,UOP01,DEL02
279800,14/04/20,terça-feira,13:20:00,PB,101,"88,9",JOÃO PESSOA,Desobediência às normas de trânsito pelo condutor,Colisão traseira,Com Vítimas Feridas,Pleno dia,Crescente,Céu Claro,Dupla,Reta,Sim,3,0,1,0,1,1,1,2,"-7,16470016","-34,89993643",SR-PB,UOP01,DEL01
279808,14/04/20,terça-feira,13:00:00,PB,361,"6,7",PATOS,Desobediência às normas de trânsito pelo condutor,Colisão transversal,Com Vítimas Feridas,Pleno dia,Crescente,Céu Claro,Simples,Interseção de vias,Sim,2,0,1,0,1,0,1,2,"-7,03594312","-37,31112598",SR-PB,UOP01,DEL03
279826,14/04/20,terça-feira,17:45:00,PB,230,"89,3",GURINHEM,Desobediência às normas de trânsito pelo condutor,Colisão transversal,Com Vítimas Feridas,Anoitecer,Decrescente,Céu Claro,Dupla,Retorno Regulamentado,Sim,2,0,0,2,0,0,2,2,"-7,1708","-35,3831",SR-PB,UOP03,DEL01
279911,15/04/20,quarta-feira,11:14:00,PB,104,"132,7",CAMPINA GRANDE,Falta de Atenção à Condução,Colisão transversal,Sem Vítimas,Pleno dia,Crescente,Céu Claro,Simples,Reta,Sim,4,0,0,0,4,0,0,2,"-7,31674795","-35,89500926",SR-PB,UOP03,DEL02
279966,15/04/20,quarta-feira,18:45:00,PB,230,159,CAMPINA GRANDE,Desobediência às normas de trânsito pelo condutor,Colisão transversal,Com Vítimas Feridas,Plena Noite,Crescente,Céu Claro,Simples,Interseção de vias,Sim,3,0,1,0,2,0,1,2,"-7,252","-35,9334",SR-PB,UOP01,DEL02
280043,16/04/20,quinta-feira,09:40:00,PB,230,"77,5",SOBRADO,Desobediência às normas de trânsito pelo condutor,Colisão traseira,Com Vítimas Feridas,Pleno dia,Decrescente,Nublado,Dupla,Reta,Não,3,0,2,0,1,0,2,2,"-7,1869","-35,2871",SR-PB,UOP03,DEL01
280049,16/04/20,quinta-feira,10:20:00,PB,101,113,ALHANDRA,Pista Escorregadia,Colisão com objeto estático,Com Vítimas Feridas,Pleno dia,Crescente,Chuva,Dupla,Não Informado,Não,2,0,1,0,1,0,1,1,"-7,36122197","-34,95184711",SR-PB,UOP01,DEL01
280073,16/04/20,quinta-feira,14:40:00,PB,101,88,JOÃO PESSOA,Pista Escorregadia,Saída de leito carroçável,Sem Vítimas,Pleno dia,Crescente,Chuva,Dupla,Curva,Sim,1,0,0,0,1,0,0,1,"-7,16470016","-34,89993643",SR-PB,UOP01,DEL01
280077,16/04/20,quinta-feira,12:30:00,PB,104,"177,9",BARRA DE SANTANA,Velocidade Incompatível,Saída de leito carroçável,Com Vítimas Feridas,Pleno dia,Decrescente,Chuva,Simples,Não Informado,Não,1,0,1,0,0,0,1,1,"-7,62195806","-36,07712437",SR-PB,UOP03,DEL02
280140,16/04/20,quinta-feira,22:45:00,PB,230,"2,7",CABEDELO,Desobediência às normas de trânsito pelo condutor,Colisão traseira,Com Vítimas Fatais,Plena Noite,Decrescente,Céu Claro,Dupla,Reta,Sim,3,1,0,0,2,0,0,3,"-6,9915","-34,8287",SR-PB,UOP01,DEL01
280166,17/04/20,sexta-feira,07:30:00,PB,101,29,MAMANGUAPE,Desobediência às normas de trânsito pelo condutor,Colisão traseira,Com Vítimas Feridas,Pleno dia,Crescente,Sol,Dupla,Reta,Não,3,0,0,1,2,0,1,3,"-6,74032319","-35,13146581",SR-PB,UOP04,DEL01
280195,17/04/20,sexta-feira,06:00:00,PB,361,"58,8",OLHO DAGUA,Falta de Atenção à Condução,Tombamento,Com Vítimas Fatais,Amanhecer,Crescente,Céu Claro,Simples,Curva,Não,3,1,1,0,0,1,1,1,"-7,18678818","-37,71266379",SR-PB,UOP01,DEL03
280259,17/04/20,sexta-feira,17:50:00,PB,104,"98,5",ESPERANÇA,Desobediência às normas de trânsito pelo condutor,Colisão frontal,Sem Vítimas,Anoitecer,Crescente,Chuva,Simples,Reta,Não,3,0,0,0,3,0,0,2,"-7,02803215","-35,85657159",SR-PB,UOP04,DEL02
280357,18/04/20,sábado,11:20:00,PB,230,"335,9",PATOS,Desobediência às normas de trânsito pelo condutor,Colisão transversal,Com Vítimas Feridas,Pleno dia,Crescente,Céu Claro,Simples,Reta,Sim,2,0,1,0,1,0,1,2,"-7,0128","-37,2644",SR-PB,UOP01,DEL03
280444,18/04/20,sábado,21:00:00,PB,230,153,CAMPINA GRANDE,Restrição de Visibilidade,Saída de leito carroçável,Com Vítimas Feridas,Plena Noite,Crescente,Nublado,Simples,Reta,Não,1,0,1,0,0,0,1,1,"-7,2763","-35,8887",SR-PB,UOP01,DEL02
280451,18/04/20,sábado,21:15:00,PB,230,12,CABEDELO,Ingestão de Álcool,Tombamento,Sem Vítimas,Plena Noite,Decrescente,Céu Claro,Dupla,Reta,Sim,1,0,0,0,1,0,0,1,"-7,068","-34,85",SR-PB,UOP01,DEL01
280513,19/04/20,domingo,12:17:00,PB,230,"7,8",CABEDELO,Velocidade Incompatível,Saída de leito carroçável,Com Vítimas Feridas,Pleno dia,Crescente,Sol,Dupla,Reta,Sim,2,0,2,0,0,0,2,1,"-7,026","-34,8385",SR-PB,UOP01,DEL01
280527,19/04/20,domingo,13:20:00,PB,230,"9,9",CABEDELO,Falta de Atenção à Condução,Saída de leito carroçável,Com Vítimas Feridas,Pleno dia,Decrescente,Sol,Dupla,Curva,Sim,2,0,2,0,0,0,2,1,"-7,0433","-34,8466",SR-PB,UOP01,DEL01
280589,19/04/20,domingo,19:20:00,PB,230,338,PATOS,Desobediência às normas de trânsito pelo condutor,Colisão transversal,Com Vítimas Feridas,Plena Noite,Crescente,Garoa/Chuvisco,Simples,Reta,Sim,3,0,0,1,2,0,1,2,"-7,007","-37,2906",SR-PB,UOP01,DEL03
280942,21/04/20,terça-feira,16:45:00,PB,104,168,BARRA DE SANTANA,Fenômenos da Natureza,Saída de leito carroçável,Sem Vítimas,Pleno dia,Decrescente,Chuva,Simples,Curva,Não,1,0,0,0,0,1,0,1,"-7,57824042","-36,01455389",SR-PB,UOP03,DEL02
280932,22/04/20,quarta-feira,08:45:00,PB,230,43,SANTA RITA,Defeito Mecânico no Veículo,Tombamento,Com Vítimas Feridas,Pleno dia,Decrescente,Sol,Dupla,Não Informado,Não,2,0,2,0,0,0,2,1,"-7,1479","-35,0029",SR-PB,UOP03,DEL01
281003,22/04/20,quarta-feira,19:30:00,PB,361,20,SANTA TERESINHA,Animais na Pista,Atropelamento de Animal,Sem Vítimas,Plena Noite,Crescente,Chuva,Simples,Reta,Não,1,0,0,0,1,0,0,1,"-7,07981191","-37,42222407",SR-PB,UOP01,DEL03
288916,23/04/20,quinta-feira,23:20:00,PB,230,50,SANTA RITA,Condutor Dormindo,Saída de leito carroçável,Com Vítimas Fatais,Plena Noite,Decrescente,Chuva,Dupla,Reta,Não,1,1,0,0,0,0,0,1,"-7,1846","-35,0544",SR-PB,UOP03,DEL01
281191,24/04/20,sexta-feira,09:50:00,PB,230,"86,5",JOÃO PESSOA,Falta de Atenção à Condução,Colisão lateral,Com Vítimas Feridas,Pleno dia,Decrescente,Sol,Dupla,Não Informado,Sim,3,0,1,0,2,0,1,2,"-7,155385","-34,907403",SR-PB,UOP03,DEL01
281195,24/04/20,sexta-feira,10:30:00,PB,230,42,SANTA RITA,Desobediência às normas de trânsito pelo condutor,Engavetamento,Com Vítimas Feridas,Pleno dia,Crescente,Céu Claro,Múltipla,Não Informado,Não,3,0,1,0,2,0,1,3,"-7,1426","-34,9956",SR-PB,UOP03,DEL01
281218,24/04/20,sexta-feira,14:00:00,PB,427,37,POMBAL,Desobediência às normas de trânsito pelo condutor,Colisão transversal,Com Vítimas Feridas,Pleno dia,Crescente,Céu Claro,Simples,Reta,Sim,2,0,1,0,1,0,1,2,"-6,76405124","-37,78910384",SR-PB,UOP02,DEL03
281241,24/04/20,sexta-feira,15:50:00,PB,230,"339,9",PATOS,Falta de Atenção à Condução,Capotamento,Com Vítimas Feridas,Pleno dia,Crescente,Nublado,Simples,Reta,Não,1,0,1,0,0,0,1,1,"-7,0057","-37,2998",SR-PB,UOP01,DEL03
281381,25/04/20,sábado,13:30:00,PB,230,2,CABEDELO,Falta de Atenção à Condução,Colisão traseira,Sem Vítimas,Pleno dia,Crescente,Céu Claro,Dupla,Reta,Não,2,0,0,0,1,1,0,2,"-6,98259442","-34,82977152",SR-PB,UOP01,DEL01
281412,25/04/20,sábado,17:20:00,PB,230,"160,6",CAMPINA GRANDE,Desobediência às normas de trânsito pelo condutor,Colisão transversal,Sem Vítimas,Pleno dia,Decrescente,Nublado,Simples,Reta,Sim,2,0,0,0,2,0,0,2,"-7,2436","-35,9375",SR-PB,UOP01,DEL02
281421,25/04/20,sábado,17:35:00,PB,230,"40,7",SANTA RITA,Animais na Pista,Atropelamento de Animal,Com Vítimas Feridas,Anoitecer,Decrescente,Nublado,Dupla,Reta,Sim,2,0,2,0,0,0,2,1,"-7,1414","-34,9778",SR-PB,UOP03,DEL01
281452,25/04/20,sábado,20:10:00,PB,361,5,PATOS,Falta de Atenção à Condução,Colisão transversal,Com Vítimas Feridas,Plena Noite,Crescente,Céu Claro,Simples,Reta,Sim,2,0,1,0,1,0,1,2,"-7,0342983","-37,30232718",SR-PB,UOP01,DEL03
281458,25/04/20,sábado,21:00:00,PB,230,25,JOÃO PESSOA,Ingestão de Álcool,Colisão com objeto estático,Com Vítimas Feridas,Plena Noite,Decrescente,Garoa/Chuvisco,Dupla,Reta,Sim,5,0,5,0,0,0,5,1,"-7,1707","-34,8684",SR-PB,UOP01,DEL01
285540,25/04/20,sábado,11:00:00,PB,230,161,CAMPINA GRANDE,Falta de Atenção à Condução,Colisão transversal,Com Vítimas Feridas,Pleno dia,Crescente,Céu Claro,Simples,Não Informado,Sim,2,0,1,0,1,0,1,2,"-7,2361","-35,941",SR-PB,UOP01,DEL02
281574,26/04/20,domingo,17:40:00,PB,101,88,JOÃO PESSOA,Falta de Atenção à Condução,Colisão lateral,Com Vítimas Feridas,Plena Noite,Decrescente,Céu Claro,Dupla,Não Informado,Sim,3,0,1,0,2,0,1,2,"-7,16708811","-34,89660144",SR-PB,UOP01,DEL01
281594,26/04/20,domingo,19:15:00,PB,230,"25,8",JOÃO PESSOA,Desobediência às normas de trânsito pelo condutor,Colisão lateral,Com Vítimas Feridas,Plena Noite,Decrescente,Nublado,Múltipla,Reta,Sim,3,0,2,0,0,1,2,2,"-7,1707","-34,8684",SR-PB,UOP01,DEL01
281599,26/04/20,domingo,19:50:00,PB,230,"25,8",JOÃO PESSOA,Desobediência às normas de trânsito pelo condutor,Colisão traseira,Com Vítimas Feridas,Plena Noite,Decrescente,Céu Claro,Múltipla,Reta,Não,4,0,3,0,1,0,3,2,"-7,16957904","-34,874897",SR-PB,UOP01,DEL01
281605,26/04/20,domingo,19:00:00,PB,101,"37,5",MAMANGUAPE,Velocidade Incompatível,Colisão com objeto estático,Com Vítimas Feridas,Plena Noite,Crescente,Céu Claro,Dupla,Não Informado,Sim,3,0,1,0,2,0,1,1,"-6,81169597","-35,13969074",SR-PB,UOP04,DEL01
281620,26/04/20,domingo,19:30:00,PB,230,"171,6",CAMPINA GRANDE,Falta de Atenção à Condução,Saída de leito carroçável,Sem Vítimas,Plena Noite,Decrescente,Céu Claro,Simples,Reta,Sim,1,0,0,0,0,1,0,1,"-7,18","-35,9938",SR-PB,UOP02,DEL02
281648,27/04/20,segunda-feira,02:00:00,PB,101,"76,2",SANTA RITA,Falta de Atenção do Pedestre,Atropelamento de Pedestre,Com Vítimas Fatais,Plena Noite,Decrescente,Nublado,Dupla,Curva,Sim,2,1,0,0,0,1,0,1,"-7,09085711","-34,96857932",SR-PB,UOP04,DEL01
281744,27/04/20,segunda-feira,16:40:00,PB,230,22,JOÃO PESSOA,Falta de Atenção à Condução,Saída de leito carroçável,Com Vítimas Feridas,Anoitecer,Decrescente,Garoa/Chuvisco,Dupla,Reta,Sim,1,0,1,0,0,0,1,1,"-7,1495","-34,8517",SR-PB,UOP01,DEL01
281785,27/04/20,segunda-feira,20:15:00,PB,101,112,ALHANDRA,Defeito Mecânico no Veículo,Incêndio,Sem Vítimas,Plena Noite,Decrescente,Céu Claro,Dupla,Não Informado,Não,2,0,0,0,2,0,0,1,"-7,36987092","-34,95429127",SR-PB,UOP01,DEL01
281831,28/04/20,terça-feira,07:00:00,PB,101,89,JOÃO PESSOA,Não guardar distância de segurança,Colisão traseira,Com Vítimas Feridas,Pleno dia,Decrescente,Chuva,Dupla,Reta,Sim,4,0,0,1,3,0,1,3,"-7,1710694","-34,89765372",SR-PB,UOP01,DEL01
281883,28/04/20,terça-feira,12:30:00,PB,230,25,JOÃO PESSOA,Falta de Atenção à Condução,Colisão traseira,Sem Vítimas,Pleno dia,Crescente,Céu Claro,Simples,Viaduto,Sim,2,0,0,0,0,2,0,2,"-7,1707","-34,8684",SR-PB,UOP01,DEL01
282025,29/04/20,quarta-feira,13:50:00,PB,101,"122,4",CAAPORA,Falta de Atenção à Condução,Capotamento,Com Vítimas Feridas,Pleno dia,Crescente,Sol,Dupla,Não Informado,Não,2,0,2,0,0,0,2,1,"-7,45038197","-34,97994215",SR-PB,UOP01,DEL01
282121,30/04/20,quinta-feira,07:40:00,PB,101,83,BAYEUX,Falta de Atenção à Condução,Colisão traseira,Com Vítimas Feridas,Pleno dia,Crescente,Nublado,Dupla,Reta,Sim,3,0,1,0,2,0,1,3,"-7,1337703","-34,92963914",SR-PB,UOP01,DEL01
282247,01/05/20,sexta-feira,02:00:00,PB,101,96,ALHANDRA,Condutor Dormindo,Saída de leito carroçável,Com Vítimas Feridas,Plena Noite,Crescente,Chuva,Simples,Reta,Não,2,0,1,0,1,0,1,1,"-7,230921","-34,921149",SR-PB,UOP01,DEL01
282392,01/05/20,sexta-feira,23:15:00,PB,230,147,CAMPINA GRANDE,Falta de Atenção à Condução,Tombamento,Com Vítimas Feridas,Plena Noite,Crescente,Céu Claro,Dupla,Rotatória,Sim,1,0,1,0,0,0,1,1,"-7,236524","-35,867808",SR-PB,UOP01,DEL02
282408,02/05/20,sábado,02:30:00,PB,101,83,BAYEUX,Falta de Atenção à Condução,Colisão com objeto estático,Com Vítimas Feridas,Plena Noite,Decrescente,Céu Claro,Dupla,Reta,Sim,1,0,0,1,0,0,1,1,"-7,1337703","-34,92963914",SR-PB,UOP01,DEL01
282448,02/05/20,sábado,11:30:00,PB,230,"2,9",CABEDELO,Mal Súbito,Colisão com objeto estático,Com Vítimas Feridas,Pleno dia,Crescente,Céu Claro,Dupla,Reta,Não,1,0,0,1,0,0,1,1,"-6,9837","-34,8295",SR-PB,UOP01,DEL01
282476,02/05/20,sábado,15:30:00,PB,230,504,CAJAZEIRAS,Falta de Atenção à Condução,Saída de leito carroçável,Sem Vítimas,Pleno dia,Decrescente,Céu Claro,Simples,Reta,Não,1,0,0,0,1,0,0,1,"-6,89959672","-38,54915361",SR-PB,UOP03,DEL03
282544,02/05/20,sábado,22:15:00,PB,230,"234,5",JUAZEIRINHO,Animais na Pista,Atropelamento de Animal,Com Vítimas Feridas,Plena Noite,Crescente,Céu Claro,Simples,Reta,Não,1,0,1,0,0,0,1,1,"-7,0416","-36,5166",SR-PB,UOP02,DEL02
282646,03/05/20,domingo,17:50:00,PB,104,"137,9",QUEIMADAS,Ingestão de Álcool,Colisão traseira,Com Vítimas Feridas,Anoitecer,Decrescente,Céu Claro,Simples,Reta,Não,2,0,1,1,0,0,2,2,"-7,352277","-35,90094",SR-PB,UOP03,DEL02
282672,03/05/20,domingo,19:50:00,PB,230,"223,3",SOLEDADE,Desobediência às normas de trânsito pelo condutor,Colisão frontal,Com Vítimas Fatais,Plena Noite,Crescente,Céu Claro,Simples,Reta,Não,2,1,0,0,0,1,0,2,"-7,0385","-36,4237",SR-PB,UOP02,DEL02
282688,03/05/20,domingo,21:15:00,PB,230,"27,4",JOÃO PESSOA,Falta de Atenção do Pedestre,Atropelamento de Pedestre,Com Vítimas Feridas,Plena Noite,Decrescente,Nublado,Dupla,Reta,Sim,3,0,0,1,2,0,1,1,"-7,16646588","-34,88814896",SR-PB,UOP01,DEL01
282737,04/05/20,segunda-feira,07:40:00,PB,104,"119,1",CAMPINA GRANDE,Desobediência às normas de trânsito pelo condutor,Colisão traseira,Sem Vítimas,Pleno dia,Crescente,Céu Claro,Simples,Reta,Não,2,0,0,0,2,0,0,2,"-7,20325615","-35,8752172",SR-PB,UOP04,DEL02
282779,04/05/20,segunda-feira,12:30:00,PB,230,38,SANTA RITA,Condutor Dormindo,Colisão com objeto estático,Sem Vítimas,Pleno dia,Crescente,Céu Claro,Dupla,Não Informado,Não,1,0,0,0,1,0,0,1,"-7,1341","-34,962",SR-PB,UOP03,DEL01
282831,04/05/20,segunda-feira,19:30:00,PB,104,89,REMIGIO,Ultrapassagem Indevida,Colisão lateral,Com Vítimas Feridas,Plena Noite,Decrescente,Céu Claro,Simples,Reta,Sim,2,0,0,1,1,0,1,2,"-6,9732572","-35,80905795",SR-PB,UOP04,DEL02
282942,05/05/20,terça-feira,17:00:00,PB,361,"16,5",SANTA TERESINHA,Falta de Atenção à Condução,Capotamento,Com Vítimas Feridas,Pleno dia,Crescente,Nublado,Simples,Reta,Não,1,0,1,0,0,0,1,1,"-7,05665302","-37,39553498",SR-PB,UOP01,DEL03
283072,06/05/20,quarta-feira,11:51:00,PB,230,"0,3",CABEDELO,Desobediência às normas de trânsito pelo condutor,Colisão lateral,Com Vítimas Feridas,Pleno dia,Crescente,Nublado,Simples,Reta,Sim,2,0,1,0,1,0,1,2,"-6,9711","-34,8382",SR-PB,UOP01,DEL01
283102,06/05/20,quarta-feira,12:50:00,PB,230,141,CAMPINA GRANDE,Velocidade Incompatível,Saída de leito carroçável,Sem Vítimas,Pleno dia,Decrescente,Nublado,Simples,Não Informado,Sim,2,0,0,0,2,0,0,1,"-7,2612","-35,8061",SR-PB,UOP01,DEL02
283200,07/05/20,quinta-feira,07:40:00,PB,101,90,JOÃO PESSOA,Desobediência às normas de trânsito pelo condutor,Tombamento,Com Vítimas Feridas,Pleno dia,Crescente,Céu Claro,Dupla,Retorno Regulamentado,Sim,2,0,0,1,1,0,1,1,"-7,179652","-34,900417",SR-PB,UOP01,DEL01
283278,07/05/20,quinta-feira,18:00:00,PB,101,89,JOÃO PESSOA,Falta de Atenção à Condução,Saída de leito carroçável,Sem Vítimas,Plena Noite,Decrescente,Céu Claro,Dupla,Reta,Sim,1,0,0,0,0,1,0,1,"-7,1710694","-34,89765372",SR-PB,UOP01,DEL01
283483,08/05/20,sexta-feira,18:35:00,PB,230,"155,6",CAMPINA GRANDE,Ingestão de Álcool,Engavetamento,Com Vítimas Feridas,Plena Noite,Crescente,Nublado,Simples,Reta,Sim,7,0,2,0,5,0,2,4,"-7,274415","-35,906603",SR-PB,UOP01,DEL02
283516,09/05/20,sábado,04:00:00,PB,230,"15,6",JOÃO PESSOA,Ingestão de Álcool,Colisão com objeto estático,Com Vítimas Feridas,Plena Noite,Decrescente,Céu Claro,Dupla,Reta,Sim,1,0,1,0,0,0,1,1,"-7,093","-34,8482",SR-PB,UOP01,DEL01
283611,09/05/20,sábado,17:50:00,PB,230,"7,1",CABEDELO,Ingestão de Álcool,Colisão com objeto estático,Com Vítimas Feridas,Plena Noite,Crescente,Céu Claro,Dupla,Não Informado,Sim,1,0,1,0,0,0,1,1,"-7,026","-34,8385",SR-PB,UOP01,DEL01
283624,09/05/20,sábado,18:10:00,PB,230,"83,9",CALDAS BRANDÃO,Velocidade Incompatível,Colisão traseira,Com Vítimas Feridas,Plena Noite,Decrescente,Céu Claro,Dupla,Não Informado,Sim,2,0,1,0,1,0,1,2,"-7,16795107","-35,35158777",SR-PB,UOP03,DEL01
283679,09/05/20,sábado,23:15:00,PB,230,24,JOÃO PESSOA,Ingestão de Álcool,Saída de leito carroçável,Com Vítimas Feridas,Plena Noite,Crescente,Céu Claro,Dupla,Curva,Sim,1,0,1,0,0,0,1,1,"-7,1637","-34,8618",SR-PB,UOP01,DEL01
283683,09/05/20,sábado,23:00:00,PB,230,24,JOÃO PESSOA,Falta de Atenção à Condução,Queda de ocupante de veículo,Com Vítimas Feridas,Plena Noite,Crescente,Céu Claro,Dupla,Não Informado,Sim,1,0,1,0,0,0,1,1,"-7,1637","-34,8618",SR-PB,UOP01,DEL01
283734,10/05/20,domingo,09:45:00,PB,230,503,CAJAZEIRAS,Falta de Atenção à Condução,Saída de leito carroçável,Com Vítimas Feridas,Pleno dia,Decrescente,Céu Claro,Simples,Reta,Sim,2,0,1,0,0,1,1,2,"-6,89931513","-38,54850948",SR-PB,UOP03,DEL03
283743,10/05/20,domingo,11:55:00,PB,230,24,JOÃO PESSOA,Falta de Atenção à Condução,Colisão traseira,Com Vítimas Feridas,Pleno dia,Decrescente,Céu Claro,Dupla,Curva,Sim,2,0,1,0,1,0,1,2,"-7,1637","-34,8618",SR-PB,UOP01,DEL01
283771,10/05/20,domingo,15:20:00,PB,230,"21,2",JOÃO PESSOA,Ingestão de Álcool,Tombamento,Com Vítimas Feridas,Pleno dia,Decrescente,Céu Claro,Dupla,Curva,Sim,1,0,0,1,0,0,1,1,"-7,1415","-34,8519",SR-PB,UOP01,DEL01
283885,11/05/20,segunda-feira,00:45:00,PB,101,89,JOÃO PESSOA,Desobediência às normas de trânsito pelo condutor,Tombamento,Com Vítimas Feridas,Plena Noite,Crescente,Céu Claro,Simples,Interseção de vias,Sim,3,0,1,1,1,0,2,2,"-7,1710694","-34,89765372",SR-PB,UOP01,DEL01
283911,11/05/20,segunda-feira,06:40:00,PB,230,"153,2",CAMPINA GRANDE,Desobediência às normas de trânsito pelo condutor,Colisão lateral,Sem Vítimas,Pleno dia,Crescente,Céu Claro,Dupla,Interseção de vias,Sim,2,0,0,0,2,0,0,2,"-7,2763","-35,8887",SR-PB,UOP01,DEL02
283985,11/05/20,segunda-feira,18:40:00,PB,230,"507,6",CAJAZEIRAS,Desobediência às normas de trânsito pelo condutor,Colisão frontal,Com Vítimas Fatais,Plena Noite,Crescente,Céu Claro,Simples,Curva,Sim,2,1,0,0,1,0,0,2,"-6,8914918","-38,58308315",SR-PB,UOP03,DEL03
284028,12/05/20,terça-feira,00:31:00,PB,230,"35,8",SANTA RITA,Velocidade Incompatível,Tombamento,Com Vítimas Fatais,Plena Noite,Crescente,Chuva,Dupla,Curva,Sim,5,2,2,0,0,1,2,1,"-7,12367438","-34,94531116",SR-PB,UOP01,DEL01
284083,12/05/20,terça-feira,11:25:00,PB,230,137,CAMPINA GRANDE,Falta de Atenção à Condução,Saída de leito carroçável,Sem Vítimas,Pleno dia,Crescente,Chuva,Dupla,Não Informado,Não,1,0,0,0,1,0,0,1,"-7,2766","-35,7739",SR-PB,UOP01,DEL02
284092,12/05/20,terça-feira,13:25:00,PB,101,95,CONDE,Defeito na Via,Colisão com objeto estático,Sem Vítimas,Pleno dia,Decrescente,Chuva,Dupla,Não Informado,Não,1,0,0,0,1,0,0,1,"-7,22379403","-34,91488195",SR-PB,UOP01,DEL01
284127,12/05/20,terça-feira,18:45:00,PB,230,"396,8",SÃO BENTINHO,Pista Escorregadia,Saída de leito carroçável,Com Vítimas Feridas,Plena Noite,Decrescente,Chuva,Simples,Reta,Não,1,0,1,0,0,0,1,1,"-6,8525","-37,7424",SR-PB,UOP02,DEL03
284226,13/05/20,quarta-feira,10:25:00,PB,101,"58,3",SANTA RITA,Ingestão de Substâncias Psicoativas,Atropelamento de Pedestre,Com Vítimas Fatais,Pleno dia,Decrescente,Nublado,Dupla,Reta,Não,2,1,0,0,1,0,0,1,"-6,98955898","-35,0712347",SR-PB,UOP04,DEL01
284257,13/05/20,quarta-feira,13:55:00,PB,230,4,CABEDELO,Não guardar distância de segurança,Colisão traseira,Com Vítimas Feridas,Pleno dia,Decrescente,Céu Claro,Dupla,Reta,Sim,4,0,2,0,1,1,2,2,"-7,0004","-34,8284",SR-PB,UOP01,DEL01
284276,13/05/20,quarta-feira,16:00:00,PB,230,20,JOÃO PESSOA,Falta de Atenção à Condução,Tombamento,Com Vítimas Feridas,Pleno dia,Crescente,Céu Claro,Dupla,Reta,Sim,1,0,0,1,0,0,1,1,"-7,09180625","-34,8483091",SR-PB,UOP01,DEL01
284314,13/05/20,quarta-feira,19:30:00,PB,230,"242,6",JUAZEIRINHO,Desobediência às normas de trânsito pelo condutor,Colisão transversal,Com Vítimas Feridas,Plena Noite,Crescente,Céu Claro,Simples,Reta,Sim,7,0,1,1,5,0,2,2,"-7,0692","-36,5826",SR-PB,UOP02,DEL02
284333,13/05/20,quarta-feira,21:55:00,PB,101,"95,5",CONDE,Velocidade Incompatível,Saída de leito carroçável,Com Vítimas Feridas,Plena Noite,Crescente,Chuva,Dupla,Curva,Não,3,0,2,0,1,0,2,1,"-7,22379403","-34,91488195",SR-PB,UOP01,DEL01
284510,15/05/20,sexta-feira,06:40:00,PB,101,67,SANTA RITA,Defeito Mecânico no Veículo,Saída de leito carroçável,Com Vítimas Feridas,Pleno dia,Crescente,Chuva,Dupla,Reta,Não,1,0,1,0,0,0,1,1,"-7,05298058","-35,03595029",SR-PB,UOP04,DEL01
284579,15/05/20,sexta-feira,18:00:00,PB,230,"78,4",SOBRADO,Falta de Atenção à Condução,Saída de leito carroçável,Com Vítimas Feridas,Plena Noite,Decrescente,Céu Claro,Dupla,Curva,Não,2,0,1,1,0,0,2,1,"-7,1849","-35,2955",SR-PB,UOP03,DEL01
284612,15/05/20,sexta-feira,18:55:00,PB,230,"154,8",CAMPINA GRANDE,Falta de Atenção à Condução,Colisão traseira,Com Vítimas Feridas,Plena Noite,Decrescente,Nublado,Simples,Reta,Sim,3,0,1,1,1,0,2,2,"-7,2777","-35,8985",SR-PB,UOP01,DEL02
284663,15/05/20,sexta-feira,23:55:00,PB,101,"82,2",BAYEUX,Restrição de Visibilidade,Tombamento,Com Vítimas Feridas,Plena Noite,Decrescente,Chuva,Dupla,Reta,Sim,1,0,1,0,0,0,1,1,"-7,12911","-34,93714",SR-PB,UOP01,DEL01
284703,15/05/20,sexta-feira,21:30:00,PB,101,59,SANTA RITA,Desobediência às normas de trânsito pelo condutor,Saída de leito carroçável,Sem Vítimas,Plena Noite,Crescente,Chuva,Dupla,Desvio Temporário,Não,1,0,0,0,0,1,0,1,"-6,99352402","-35,06896004",SR-PB,UOP04,DEL01
284879,16/05/20,sábado,17:00:00,PB,230,123,RIACHÃO DO BACAMARTE,Desobediência às normas de trânsito pelo condutor,Saída de leito carroçável,Sem Vítimas,Pleno dia,Crescente,Céu Claro,Simples,Reta,Não,1,0,0,0,0,1,0,1,"-7,2478","-35,6672",SR-PB,UOP01,DEL02
284898,17/05/20,domingo,04:30:00,PB,361,"36,2",CATINGUEIRA,Animais na Pista,Saída de leito carroçável,Com Vítimas Feridas,Amanhecer,Decrescente,Nublado,Simples,Reta,Não,2,0,1,0,1,0,1,1,"-7,09077111","-37,56284298",SR-PB,UOP01,DEL03
284992,17/05/20,domingo,17:20:00,PB,104,103,SÃO SEBASTIÃO DE LAGOA DE  ROCA,Falta de Atenção à Condução,Colisão com objeto estático,Com Vítimas Feridas,Pleno dia,Crescente,Céu Claro,Simples,Reta,Não,1,0,0,1,0,0,1,1,"-7,07155197","-35,85479762",SR-PB,UOP04,DEL02
284999,17/05/20,domingo,18:20:00,PB,104,110,LAGOA SECA,Falta de Atenção à Condução,Tombamento,Com Vítimas Feridas,Plena Noite,Decrescente,Nublado,Simples,Reta,Não,3,0,2,1,0,0,3,2,"-7,12844791","-35,86084776",SR-PB,UOP04,DEL02
285122,18/05/20,segunda-feira,15:35:00,PB,101,77,SANTA RITA,Defeito Mecânico no Veículo,Incêndio,Sem Vítimas,Pleno dia,Decrescente,Céu Claro,Dupla,Reta,Não,1,0,0,0,1,0,0,1,"-7,09947194","-34,96574283",SR-PB,UOP04,DEL01
285308,19/05/20,terça-feira,18:50:00,PB,101,"81,9",BAYEUX,Falta de Atenção à Condução,Colisão traseira,Com Vítimas Feridas,Plena Noite,Decrescente,Céu Claro,Dupla,Reta,Sim,2,0,1,0,1,0,1,2,"-7,12508575","-34,94513217",SR-PB,UOP01,DEL01
285351,19/05/20,terça-feira,20:30:00,PB,104,131,CAMPINA GRANDE,Ingestão de Álcool,Tombamento,Sem Vítimas,Plena Noite,Decrescente,Céu Claro,Simples,Reta,Sim,1,0,0,0,1,0,0,1,"-7,29900408","-35,89187256",SR-PB,UOP03,DEL02
285364,20/05/20,quarta-feira,07:25:00,PB,230,"24,5",JOÃO PESSOA,Pista Escorregadia,Tombamento,Com Vítimas Feridas,Pleno dia,Decrescente,Chuva,Dupla,Curva,Não,1,0,1,0,0,0,1,1,"-7,1637","-34,8618",SR-PB,UOP01,DEL01
285429,20/05/20,quarta-feira,16:00:00,PB,230,36,SANTA RITA,Pista Escorregadia,Tombamento,Com Vítimas Feridas,Pleno dia,Crescente,Garoa/Chuvisco,Dupla,Curva,Não,1,0,1,0,0,0,1,1,"-7,1246","-34,9473",SR-PB,UOP03,DEL01
285436,20/05/20,quarta-feira,17:05:00,PB,230,19,JOÃO PESSOA,Pista Escorregadia,Tombamento,Com Vítimas Feridas,Pleno dia,Decrescente,Chuva,Dupla,Curva,Não,2,0,2,0,0,0,2,1,"-7,1281","-34,8466",SR-PB,UOP01,DEL01
285454,20/05/20,quarta-feira,18:30:00,PB,101,46,MAMANGUAPE,Avarias e/ou desgaste excessivo no pneu,Queda de ocupante de veículo,Com Vítimas Feridas,Plena Noite,Decrescente,Nublado,Dupla,Reta,Não,2,0,2,0,0,0,2,1,"-6,89108414","-35,12591625",SR-PB,UOP04,DEL01
285525,21/05/20,quinta-feira,10:15:00,PB,230,25,JOÃO PESSOA,Falta de Atenção à Condução,Colisão transversal,Com Vítimas Feridas,Pleno dia,Crescente,Céu Claro,Simples,Viaduto,Sim,3,0,1,0,2,0,1,2,"-7,1707","-34,8684",SR-PB,UOP01,DEL01
285560,21/05/20,quinta-feira,14:45:00,PB,230,"23,7",JOÃO PESSOA,Defeito Mecânico no Veículo,Queda de ocupante de veículo,Com Vítimas Feridas,Pleno dia,Crescente,Sol,Dupla,Não Informado,Sim,2,0,2,0,0,0,2,1,"-7,1562","-34,8574",SR-PB,UOP01,DEL01
285590,21/05/20,quinta-feira,18:15:00,PB,230,"26,5",JOÃO PESSOA,Ingestão de álcool e/ou substâncias psicoativas pelo pedestre,Queda de ocupante de veículo,Com Vítimas Feridas,Plena Noite,Crescente,Céu Claro,Dupla,Reta,Sim,1,0,1,0,0,0,1,1,"-7,1693","-34,8782",SR-PB,UOP01,DEL01
285753,22/05/20,sexta-feira,14:30:00,PB,110,"185,8",MONTEIRO,Falta de Atenção à Condução,Saída de leito carroçável,Com Vítimas Feridas,Pleno dia,Crescente,Céu Claro,Simples,Desvio Temporário,Não,2,0,1,1,0,0,2,1,"-7,91452241","-37,15305372",SR-PB,UOP02,DEL02
285929,23/05/20,sábado,14:40:00,PB,230,"12,5",CABEDELO,Desobediência às normas de trânsito pelo condutor,Colisão transversal,Sem Vítimas,Pleno dia,Decrescente,Chuva,Dupla,Reta,Sim,3,0,0,0,3,0,0,2,"-7,068","-34,85",SR-PB,UOP01,DEL01
285958,23/05/20,sábado,17:00:00,PB,230,"40,2",SANTA RITA,Velocidade Incompatível,Saída de leito carroçável,Sem Vítimas,Anoitecer,Decrescente,Chuva,Dupla,Reta,Não,1,0,0,0,0,1,0,1,"-7,1414","-34,9778",SR-PB,UOP03,DEL01
285959,23/05/20,sábado,13:40:00,PB,101,84,BAYEUX,Falta de Atenção à Condução,Colisão lateral,Com Vítimas Feridas,Pleno dia,Decrescente,Chuva,Dupla,Reta,Sim,2,0,1,0,0,1,1,2,"-7,13957906","-34,92312806",SR-PB,UOP01,DEL01
285970,23/05/20,sábado,17:40:00,PB,230,"22,7",JOÃO PESSOA,Não guardar distância de segurança,Engavetamento,Com Vítimas Feridas,Plena Noite,Crescente,Nublado,Dupla,Reta,Sim,6,0,2,0,4,0,2,3,"-7,15464493","-34,85625397",SR-PB,UOP01,DEL01
285973,23/05/20,sábado,18:30:00,PB,230,455,SOUSA,Desobediência às normas de trânsito pelo condutor,Colisão frontal,Com Vítimas Feridas,Plena Noite,Decrescente,Chuva,Simples,Reta,Não,2,0,0,1,0,1,1,2,"-6,7808","-38,1546",SR-PB,UOP03,DEL03
286003,23/05/20,sábado,20:30:00,PB,230,"503,2",CAJAZEIRAS,Pista Escorregadia,Colisão com objeto estático,Sem Vítimas,Plena Noite,Decrescente,Chuva,Simples,Curva,Não,2,0,0,0,2,0,0,1,"-6,8944","-38,5429",SR-PB,UOP03,DEL03
286076,24/05/20,domingo,08:05:00,PB,230,169,CAMPINA GRANDE,Falta de Atenção à Condução,Saída de leito carroçável,Com Vítimas Feridas,Pleno dia,Decrescente,Céu Claro,Simples,Reta,Não,2,0,2,0,0,0,2,1,"-7,1853","-35,9764",SR-PB,UOP02,DEL02
286078,24/05/20,domingo,09:00:00,PB,101,"113,8",ALHANDRA,Defeito na Via,Saída de leito carroçável,Com Vítimas Feridas,Pleno dia,Decrescente,Chuva,Dupla,Reta,Não,2,0,1,0,1,0,1,1,"-7,37852293","-34,95673822",SR-PB,UOP01,DEL01
286106,24/05/20,domingo,12:30:00,PB,230,424,POMBAL,Ingestão de Álcool,Saída de leito carroçável,Com Vítimas Feridas,Pleno dia,Decrescente,Sol,Simples,Curva,Não,1,0,1,0,0,0,1,1,"-6,7322","-37,8888",SR-PB,UOP02,DEL03
286145,24/05/20,domingo,18:30:00,PB,230,169,CAMPINA GRANDE,Não guardar distância de segurança,Colisão traseira,Sem Vítimas,Plena Noite,Crescente,Céu Claro,Simples,Reta,Sim,2,0,0,0,2,0,0,2,"-7,1853","-35,9764",SR-PB,UOP02,DEL02
286157,24/05/20,domingo,19:20:00,PB,230,15,JOÃO PESSOA,Desobediência às normas de trânsito pelo condutor,Colisão frontal,Com Vítimas Feridas,Plena Noite,Crescente,Chuva,Dupla,Reta,Sim,2,0,0,2,0,0,2,2,"-7,093","-34,8482",SR-PB,UOP01,DEL01
286165,24/05/20,domingo,18:20:00,PB,230,"163,4",CAMPINA GRANDE,Ultrapassagem Indevida,Colisão frontal,Com Vítimas Fatais,Plena Noite,Crescente,Nublado,Simples,Não Informado,Sim,2,1,0,0,1,0,0,2,"-7,2198","-35,9443",SR-PB,UOP01,DEL02
286192,24/05/20,domingo,22:00:00,PB,230,17,JOÃO PESSOA,Avarias e/ou desgaste excessivo no pneu,Colisão com objeto estático,Com Vítimas Feridas,Plena Noite,Crescente,Garoa/Chuvisco,Dupla,Reta,Sim,1,0,1,0,0,0,1,1,"-7,1121","-34,8426",SR-PB,UOP01,DEL01
286193,24/05/20,domingo,21:40:00,PB,101,"62,9",SANTA RITA,Carga excessiva e/ou mal acondicionada,Incêndio,Sem Vítimas,Plena Noite,Decrescente,Chuva,Dupla,Não Informado,Não,1,0,0,0,1,0,0,1,"-7,01841896","-35,06178838",SR-PB,UOP04,DEL01
286211,24/05/20,domingo,22:00:00,PB,116,9,CACHOEIRA DOS INDIOS,Velocidade Incompatível,Saída de leito carroçável,Com Vítimas Feridas,Plena Noite,Decrescente,Chuva,Simples,Não Informado,Não,2,0,0,2,0,0,2,1,"-6,970903","-38,734009",SR-CE,UOP03,DEL05
286593,27/05/20,quarta-feira,07:40:00,PB,230,16,JOÃO PESSOA,Não guardar distância de segurança,Colisão traseira,Com Vítimas Feridas,Pleno dia,Decrescente,Céu Claro,Dupla,Reta,Sim,2,0,1,0,1,0,1,2,"-7,1039","-34,8458",SR-PB,UOP01,DEL01
286646,27/05/20,quarta-feira,14:00:00,PB,361,"5,2",PATOS,Ingestão de Álcool,Colisão transversal,Sem Vítimas,Pleno dia,Decrescente,Céu Claro,Simples,Reta,Sim,2,0,0,0,2,0,0,2,"-7,0342983","-37,30232718",SR-PB,UOP01,DEL03
286758,28/05/20,quinta-feira,06:40:00,PB,230,27,JOÃO PESSOA,Falta de Atenção à Condução,Colisão transversal,Sem Vítimas,Pleno dia,Crescente,Céu Claro,Dupla,Desvio Temporário,Sim,2,0,0,0,2,0,0,2,"-7,1677","-34,8855",SR-PB,UOP01,DEL01
286797,28/05/20,quinta-feira,11:30:00,PB,101,"100,2",ALHANDRA,Sinalização da via insuficiente ou inadequada,Colisão frontal,Com Vítimas Feridas,Pleno dia,Crescente,Céu Claro,Dupla,Reta,Não,3,0,0,1,2,0,1,3,"-7,26556502","-34,93697405",SR-PB,UOP01,DEL01
286804,28/05/20,quinta-feira,13:05:00,PB,230,145,CAMPINA GRANDE,Falta de Atenção à Condução,Tombamento,Com Vítimas Feridas,Pleno dia,Decrescente,Céu Claro,Dupla,Não Informado,Não,1,0,1,0,0,0,1,1,"-7,2512","-35,8399",SR-PB,UOP01,DEL02
286903,29/05/20,sexta-feira,00:30:00,PB,101,"100,3",CONDE,Falta de Atenção à Condução,Saída de leito carroçável,Sem Vítimas,Plena Noite,Decrescente,Nublado,Dupla,Não Informado,Não,1,0,0,0,1,0,0,1,"-7,26469806","-34,93677965",SR-PB,UOP01,DEL01
286985,29/05/20,sexta-feira,14:45:00,PB,230,40,SANTA RITA,Desobediência às normas de trânsito pelo condutor,Tombamento,Com Vítimas Feridas,Pleno dia,Crescente,Nublado,Dupla,Reta,Sim,1,0,0,1,0,0,1,1,"-7,1414","-34,9778",SR-PB,UOP03,DEL01
286995,29/05/20,sexta-feira,14:10:00,PB,230,20,JOÃO PESSOA,Falta de Atenção à Condução,Tombamento,Com Vítimas Feridas,Pleno dia,Crescente,Céu Claro,Dupla,Viaduto,Sim,1,0,1,0,0,0,1,1,"-7,13681853","-34,85421365",SR-PB,UOP01,DEL01
286996,29/05/20,sexta-feira,15:50:00,PB,101,105,ALHANDRA,Falta de Atenção à Condução,Colisão traseira,Com Vítimas Feridas,Pleno dia,Crescente,Céu Claro,Simples,Reta,Não,2,0,1,0,1,0,1,2,"-7,30814609","-34,94344185",SR-PB,UOP01,DEL01
287002,29/05/20,sexta-feira,15:25:00,PB,101,"84,1",BAYEUX,Não guardar distância de segurança,Colisão lateral,Com Vítimas Feridas,Pleno dia,Crescente,Chuva,Dupla,Reta,Sim,2,0,1,0,1,0,1,2,"-7,13957906","-34,92312806",SR-PB,UOP01,DEL01
287104,30/05/20,sábado,07:50:00,PB,230,70,RIACHÃO DO POCO,Falta de Atenção à Condução,Saída de leito carroçável,Com Vítimas Feridas,Pleno dia,Crescente,Nublado,Dupla,Curva,Não,1,0,1,0,0,0,1,1,"-7,182571","-35,305341",SR-PB,UOP03,DEL01
287156,30/05/20,sábado,13:20:00,PB,230,22,JOÃO PESSOA,Falta de Atenção à Condução,Tombamento,Com Vítimas Feridas,Pleno dia,Crescente,Céu Claro,Dupla,Reta,Sim,2,0,1,0,0,1,1,1,"-7,1495","-34,8517",SR-PB,UOP01,DEL01
287174,30/05/20,sábado,15:40:00,PB,101,"123,5",CAAPORA,Defeito Mecânico no Veículo,Saída de leito carroçável,Com Vítimas Feridas,Pleno dia,Crescente,Sol,Dupla,Não Informado,Não,1,0,1,0,0,0,1,1,"-7,45909075","-34,98049935",SR-PB,UOP01,DEL01
287361,31/05/20,domingo,13:40:00,PB,230,"88,9",JOÃO PESSOA,Desobediência às normas de trânsito pelo condutor,Colisão traseira,Com Vítimas Feridas,Pleno dia,Crescente,Céu Claro,Dupla,Reta,Sim,2,0,0,1,1,0,1,2,"-7,1639521","-34,8679347",SR-PB,UOP03,DEL01
287400,31/05/20,domingo,18:20:00,PB,230,"167,5",CAMPINA GRANDE,Não guardar distância de segurança,Colisão traseira,Com Vítimas Feridas,Plena Noite,Decrescente,Céu Claro,Simples,Reta,Sim,3,0,1,0,2,0,1,3,"-7,19414692","-35,96445322",SR-PB,UOP02,DEL02
287415,31/05/20,domingo,18:00:00,PB,230,"82,8",CALDAS BRANDÃO,Ingestão de Álcool,Colisão transversal,Com Vítimas Feridas,Plena Noite,Decrescente,Nublado,Simples,Reta,Sim,4,0,1,1,0,2,2,2,"-7,16953513","-35,34290037",SR-PB,UOP03,DEL01
287612,01/06/20,segunda-feira,17:25:00,PB,230,"49,8",SANTA RITA,Sinalização da via insuficiente ou inadequada,Saída de leito carroçável,Com Vítimas Feridas,Plena Noite,Crescente,Céu Claro,Dupla,Não Informado,Não,1,0,1,0,0,0,1,1,"-7,1846","-35,0544",SR-PB,UOP03,DEL01
287651,01/06/20,segunda-feira,19:00:00,PB,230,"142,3",CAMPINA GRANDE,Ingestão de Álcool,Colisão com objeto estático,Com Vítimas Feridas,Plena Noite,Decrescente,Céu Claro,Dupla,Não Informado,Não,1,0,1,0,0,0,1,1,"-7,255907","-35,822327",SR-PB,UOP01,DEL02
287691,02/06/20,terça-feira,07:45:00,PB,104,"138,6",QUEIMADAS,Pista Escorregadia,Tombamento,Com Vítimas Feridas,Pleno dia,Decrescente,Garoa/Chuvisco,Simples,Reta,Não,2,0,2,0,0,0,2,1,"-7,36116095","-35,90230617",SR-PB,UOP03,DEL02
287735,02/06/20,terça-feira,06:40:00,PB,230,"48,6",SANTA RITA,Defeito Mecânico no Veículo,Saída de leito carroçável,Com Vítimas Feridas,Pleno dia,Crescente,Céu Claro,Dupla,Reta,Não,1,0,0,1,0,0,1,1,"-7,17959582","-35,04760981",SR-PB,UOP03,DEL01
287744,02/06/20,terça-feira,13:08:00,PB,104,93,ESPERANÇA,Falta de Atenção à Condução,Colisão traseira,Sem Vítimas,Pleno dia,Decrescente,Nublado,Simples,Não Informado,Não,2,0,0,0,1,1,0,2,"-6,99505412","-35,83569282",SR-PB,UOP04,DEL02
287808,02/06/20,terça-feira,13:00:00,PB,434,"7,8",UIRAÚNA,Ultrapassagem Indevida,Colisão traseira,Com Vítimas Feridas,Pleno dia,Decrescente,Nublado,Simples,Desvio Temporário,Sim,4,0,1,0,2,1,1,3,"-6,457672","-38,443488",SR-PB,UOP03,DEL03
287816,02/06/20,terça-feira,17:23:00,PB,230,"150,6",CAMPINA GRANDE,Desobediência às normas de trânsito pelo condutor,Colisão transversal,Com Vítimas Feridas,Anoitecer,Crescente,Céu Claro,Dupla,Reta,Sim,4,0,0,2,2,0,2,2,"-7,259182","-35,878263",SR-PB,UOP01,DEL02
287868,03/06/20,quarta-feira,04:20:00,PB,230,57,CRUZ DO ESPIRITO SANTO,Falta de Atenção à Condução,Colisão com objeto estático,Com Vítimas Feridas,Amanhecer,Decrescente,Céu Claro,Dupla,Curva,Não,1,0,1,0,0,0,1,1,"-7,2028","-35,1125",SR-PB,UOP03,DEL01
287873,03/06/20,quarta-feira,07:10:00,PB,101,"91,9",JOÃO PESSOA,Defeito Mecânico no Veículo,Tombamento,Com Vítimas Feridas,Pleno dia,Crescente,Céu Claro,Dupla,Reta,Sim,2,0,2,0,0,0,2,1,"-7,18826412","-34,90308264",SR-PB,UOP01,DEL01
288004,03/06/20,quarta-feira,16:45:00,PB,104,45,BARRA DE SANTA ROSA,Desobediência às normas de trânsito pelo condutor,Colisão traseira,Com Vítimas Feridas,Anoitecer,Crescente,Céu Claro,Simples,Reta,Sim,2,0,1,0,1,0,1,2,"-6,72846302","-36,05226302",SR-PB,UOP04,DEL02
288070,03/06/20,quarta-feira,18:15:00,PB,230,370,MALTA,Deficiência ou não Acionamento do Sistema de Iluminação/Sinalização do Veículo,Colisão traseira,Com Vítimas Fatais,Plena Noite,Crescente,Céu Claro,Simples,Reta,Não,3,2,1,0,0,0,1,2,"-6,9079","-37,5497",SR-PB,UOP02,DEL03
288005,04/06/20,quinta-feira,04:20:00,PB,230,"114,3",INGÁ,Condutor Dormindo,Saída de leito carroçável,Com Vítimas Feridas,Plena Noite,Decrescente,Céu Claro,Dupla,Reta,Não,1,0,0,1,0,0,1,1,"-7,2215","-35,5969",SR-PB,UOP03,DEL01
288047,04/06/20,quinta-feira,09:40:00,PB,101,"89,2",JOÃO PESSOA,Carga excessiva e/ou mal acondicionada,Derramamento de carga,Com Vítimas Feridas,Pleno dia,Decrescente,Sol,Dupla,Reta,Sim,2,0,1,0,0,1,1,2,"-7,1758894","-34,8987245",SR-PB,UOP01,DEL01
288113,04/06/20,quinta-feira,17:45:00,PB,101,81,JOÃO PESSOA,Não guardar distância de segurança,Colisão traseira,Com Vítimas Feridas,Plena Noite,Crescente,Céu Claro,Dupla,Não Informado,Sim,3,0,2,0,0,1,2,2,"-7,12508575","-34,94513217",SR-PB,UOP01,DEL01
288193,05/06/20,sexta-feira,01:00:00,PB,230,"9,8",CABEDELO,Falta de Atenção à Condução,Saída de leito carroçável,Sem Vítimas,Plena Noite,Decrescente,Nublado,Dupla,Túnel,Sim,1,0,0,0,0,1,0,1,"-7,0433","-34,8466",SR-PB,UOP01,DEL01
288441,06/06/20,sábado,08:30:00,PB,104,"103,8",SÃO SEBASTIÃO DE LAGOA DE  ROCA,Desobediência às normas de trânsito pelo condutor,Colisão lateral,Com Vítimas Feridas,Pleno dia,Crescente,Céu Claro,Simples,Não Informado,Não,2,0,1,0,1,0,1,2,"-7,07155197","-35,85479762",SR-PB,UOP04,DEL02
288467,06/06/20,sábado,11:55:00,PB,101,"83,2",BAYEUX,Defeito Mecânico no Veículo,Tombamento,Com Vítimas Feridas,Pleno dia,Crescente,Céu Claro,Dupla,Reta,Sim,2,0,2,0,0,0,2,1,"-7,1337703","-34,92963914",SR-PB,UOP01,DEL01
288606,06/06/20,sábado,20:25:00,PB,101,83,BAYEUX,Falta de Atenção do Pedestre,Atropelamento de Pedestre,Com Vítimas Feridas,Plena Noite,Crescente,Nublado,Dupla,Reta,Sim,2,0,0,1,0,1,1,1,"-7,13787728","-34,92500067",SR-PB,UOP01,DEL01
288623,07/06/20,domingo,06:00:00,PB,101,"94,1",CONDE,Velocidade Incompatível,Colisão com objeto estático,Com Vítimas Feridas,Pleno dia,Decrescente,Chuva,Dupla,Não Informado,Não,1,0,1,0,0,0,1,1,"-7,21483297","-34,9117521",SR-PB,UOP01,DEL01
288629,07/06/20,domingo,06:41:00,PB,230,137,CAMPINA GRANDE,Condutor Dormindo,Saída de leito carroçável,Com Vítimas Feridas,Pleno dia,Decrescente,Céu Claro,Dupla,Reta,Não,1,0,1,0,0,0,1,1,"-7,2766","-35,7739",SR-PB,UOP01,DEL02
288725,07/06/20,domingo,18:50:00,PB,230,25,JOÃO PESSOA,Ingestão de Álcool,Colisão com objeto estático,Com Vítimas Feridas,Plena Noite,Decrescente,Céu Claro,Múltipla,Interseção de vias,Sim,1,0,1,0,0,0,1,1,"-7,1707","-34,8684",SR-PB,UOP01,DEL01
288758,07/06/20,domingo,19:00:00,PB,104,"191,8",ALCANTIL,Animais na Pista,Atropelamento de Animal,Com Vítimas Feridas,Plena Noite,Decrescente,Céu Claro,Simples,Reta,Não,1,0,1,0,0,0,1,1,"-7,72990593","-36,07500026",SR-PB,UOP03,DEL02
288837,08/06/20,segunda-feira,07:45:00,PB,230,22,JOÃO PESSOA,Não guardar distância de segurança,Engavetamento,Com Vítimas Feridas,Pleno dia,Decrescente,Céu Claro,Dupla,Reta,Sim,6,0,1,0,5,0,1,6,"-7,1495","-34,8517",SR-PB,UOP01,DEL01
288858,08/06/20,segunda-feira,07:40:00,PB,104,"139,5",QUEIMADAS,Desobediência às normas de trânsito pelo condutor,Colisão transversal,Com Vítimas Feridas,Pleno dia,Decrescente,Sol,Simples,Reta,Sim,4,0,0,3,1,0,3,2,"-7,36948311","-35,89979635",SR-PB,UOP03,DEL02
288912,08/06/20,segunda-feira,13:45:00,PB,230,"17,9",JOÃO PESSOA,Não guardar distância de segurança,Colisão traseira,Sem Vítimas,Pleno dia,Crescente,Sol,Dupla,Não Informado,Sim,2,0,0,0,2,0,0,2,"-7,1121","-34,8426",SR-PB,UOP01,DEL01
288982,08/06/20,segunda-feira,20:25:00,PB,230,"334,6",PATOS,Desobediência às normas de trânsito pelo condutor,Colisão frontal,Com Vítimas Feridas,Plena Noite,Decrescente,Nublado,Simples,Não Informado,Sim,3,0,0,1,2,0,1,2,"-7,018","-37,2589",SR-PB,UOP01,DEL03
289082,09/06/20,terça-feira,14:50:00,PB,101,"96,9",ALHANDRA,Desobediência às normas de trânsito pelo condutor,Saída de leito carroçável,Sem Vítimas,Pleno dia,Crescente,Sol,Dupla,Reta,Sim,1,0,0,0,1,0,0,1,"-7,230921","-34,921149",SR-PB,UOP01,DEL01
289093,09/06/20,terça-feira,16:40:00,PB,230,"26,8",JOÃO PESSOA,Desobediência às normas de trânsito pelo condutor,Colisão lateral,Com Vítimas Feridas,Pleno dia,Crescente,Sol,Dupla,Reta,Sim,3,0,2,0,1,0,2,2,"-7,1693","-34,8782",SR-PB,UOP01,DEL01
289185,10/06/20,quarta-feira,09:00:00,PB,230,17,JOÃO PESSOA,Falta de Atenção à Condução,Saída de leito carroçável,Sem Vítimas,Pleno dia,Crescente,Céu Claro,Dupla,Reta,Sim,1,0,0,0,1,0,0,1,"-7,1121","-34,8426",SR-PB,UOP01,DEL01
289288,10/06/20,quarta-feira,16:30:00,PB,230,"85,8",CALDAS BRANDÃO,Velocidade Incompatível,Saída de leito carroçável,Com Vítimas Feridas,Pleno dia,Decrescente,Chuva,Dupla,Reta,Não,2,0,2,0,0,0,2,1,"-7,16727405","-35,36420488",SR-PB,UOP03,DEL01
289300,10/06/20,quarta-feira,17:00:00,PB,230,18,JOÃO PESSOA,Falta de Atenção à Condução,Tombamento,Com Vítimas Feridas,Amanhecer,Crescente,Céu Claro,Dupla,Curva,Não,1,0,1,0,0,0,1,1,"-7,1198","-34,8453",SR-PB,UOP01,DEL01
289409,11/06/20,quinta-feira,05:40:00,PB,101,69,SANTA RITA,Condutor Dormindo,Saída de leito carroçável,Sem Vítimas,Amanhecer,Crescente,Garoa/Chuvisco,Dupla,Reta,Não,1,0,0,0,1,0,0,1,"-7,06071589","-35,01964495",SR-PB,UOP04,DEL01
289439,11/06/20,quinta-feira,11:25:00,PB,230,502,CAJAZEIRAS,Animais na Pista,Atropelamento de Animal,Com Vítimas Feridas,Pleno dia,Crescente,Céu Claro,Simples,Reta,Sim,1,0,1,0,0,0,1,1,"-6,8979","-38,5233",SR-PB,UOP03,DEL03
289450,11/06/20,quinta-feira,12:00:00,PB,230,331,PATOS,Falta de Atenção à Condução,Saída de leito carroçável,Com Vítimas Feridas,Pleno dia,Crescente,Céu Claro,Simples,Reta,Não,1,0,1,0,0,0,1,1,"-7,0207","-37,2309",SR-PB,UOP01,DEL03
289589,12/06/20,sexta-feira,09:35:00,PB,230,21,JOÃO PESSOA,Não guardar distância de segurança,Engavetamento,Com Vítimas Feridas,Pleno dia,Decrescente,Céu Claro,Dupla,Reta,Não,5,0,1,0,4,0,1,4,"-7,1415","-34,8519",SR-PB,UOP01,DEL01
289695,12/06/20,sexta-feira,19:50:00,PB,230,6,CABEDELO,Animais na Pista,Atropelamento de Animal,Com Vítimas Feridas,Plena Noite,Crescente,Nublado,Dupla,Não Informado,Sim,1,0,0,1,0,0,1,1,"-7,02","-34,8359",SR-PB,UOP01,DEL01
289696,12/06/20,sexta-feira,20:00:00,PB,101,"89,8",JOÃO PESSOA,Falta de Atenção à Condução,Colisão transversal,Com Vítimas Feridas,Pleno dia,Crescente,Céu Claro,Dupla,Reta,Sim,2,0,0,1,1,0,1,2,"-7,1710694","-34,89765372",SR-PB,UOP01,DEL01
289720,12/06/20,sexta-feira,22:20:00,PB,230,"248,9",JUAZEIRINHO,Ingestão de Álcool,Colisão frontal,Com Vítimas Fatais,Plena Noite,Decrescente,Nublado,Simples,Reta,Não,2,1,0,0,1,0,0,2,"-7,0686","-36,6346",SR-PB,UOP02,DEL02
289733,12/06/20,sexta-feira,20:25:00,PB,NA,NA,POMBAL,Velocidade Incompatível,Colisão com objeto estático,Sem Vítimas,Plena Noite,Não Informado,Ignorado,Simples,Reta,Sim,5,0,0,0,4,1,0,3,"-6,767634","-37,792267",SR-PB,UOP02,DEL03
289898,14/06/20,domingo,01:15:00,PB,101,84,BAYEUX,Falta de Atenção à Condução,Colisão com objeto estático,Com Vítimas Feridas,Plena Noite,Decrescente,Céu Claro,Dupla,Curva,Não,2,0,1,1,0,0,2,1,"-7,13957906","-34,92312806",SR-PB,UOP01,DEL01
289912,14/06/20,domingo,04:40:00,PB,101,83,BAYEUX,Não guardar distância de segurança,Colisão traseira,Com Vítimas Feridas,Plena Noite,Decrescente,Chuva,Dupla,Reta,Sim,4,0,1,0,2,1,1,2,"-7,1337703","-34,92963914",SR-PB,UOP01,DEL01
289913,14/06/20,domingo,05:45:00,PB,230,178,POCINHOS,Pista Escorregadia,Queda de ocupante de veículo,Com Vítimas Feridas,Pleno dia,Decrescente,Chuva,Simples,Reta,Não,1,0,0,1,0,0,1,1,-7,-36,SR-PB,UOP02,DEL02
289930,14/06/20,domingo,06:50:00,PB,116,2,CACHOEIRA DOS INDIOS,Falta de Atenção à Condução,Colisão transversal,Sem Vítimas,Pleno dia,Crescente,Sol,Simples,Reta,Não,2,0,0,0,1,1,0,2,"-6,91418","-38,728508",SR-CE,UOP03,DEL05
289933,14/06/20,domingo,18:15:00,PB,230,"477,5",MARIZÓPOLIS,Avarias e/ou desgaste excessivo no pneu,Capotamento,Com Vítimas Feridas,Plena Noite,Decrescente,Nublado,Simples,Reta,Não,2,0,2,0,0,0,2,1,"-6,8384","-38,3156",SR-PB,UOP03,DEL03
290179,15/06/20,segunda-feira,18:23:00,PB,101,111,ALHANDRA,Restrição de Visibilidade,Saída de leito carroçável,Com Vítimas Feridas,Plena Noite,Crescente,Chuva,Dupla,Retorno Regulamentado,Não,4,0,1,0,3,0,1,1,"-7,36122197","-34,95184711",SR-PB,UOP01,DEL01
290187,15/06/20,segunda-feira,18:20:00,PB,101,"82,2",BAYEUX,Restrição de Visibilidade,Colisão transversal,Com Vítimas Feridas,Plena Noite,Crescente,Céu Claro,Dupla,Reta,Sim,3,0,2,0,1,0,2,2,"-7,12911","-34,93714",SR-PB,UOP01,DEL01
290340,16/06/20,terça-feira,18:00:00,PB,230,317,SÃO MAMEDE,Animais na Pista,Capotamento,Com Vítimas Feridas,Anoitecer,Crescente,Céu Claro,Simples,Reta,Não,1,0,1,0,0,0,1,1,"-6,9543","-37,1244",SR-PB,UOP01,DEL03
290389,17/06/20,quarta-feira,01:40:00,PB,230,403,POMBAL,Condutor Dormindo,Saída de leito carroçável,Sem Vítimas,Plena Noite,Crescente,Nublado,Simples,Desvio Temporário,Não,1,0,0,0,0,1,0,1,"-6,8002","-37,7771",SR-PB,UOP02,DEL03
290450,17/06/20,quarta-feira,13:30:00,PB,101,"84,6",BAYEUX,Falta de Atenção à Condução,Tombamento,Com Vítimas Feridas,Pleno dia,Crescente,Nublado,Dupla,Reta,Sim,1,0,1,0,0,0,1,1,"-7,1428003","-34,9194724",SR-PB,UOP01,DEL01
290614,18/06/20,quinta-feira,11:10:00,PB,101,84,BAYEUX,Falta de Atenção à Condução,Colisão com objeto estático,Sem Vítimas,Pleno dia,Decrescente,Céu Claro,Dupla,Reta,Não,2,0,0,0,2,0,0,1,"-7,13957906","-34,92312806",SR-PB,UOP01,DEL01
290630,18/06/20,quinta-feira,11:30:00,PB,230,"4,1",CABEDELO,Objeto estático sobre o leito carroçável,Colisão com objeto estático,Com Vítimas Feridas,Pleno dia,Decrescente,Céu Claro,Dupla,Não Informado,Sim,1,0,0,1,0,0,1,1,"-7,0004","-34,8284",SR-PB,UOP01,DEL01
290762,19/06/20,sexta-feira,07:50:00,PB,230,"20,5",JOÃO PESSOA,Falta de Atenção à Condução,Colisão traseira,Com Vítimas Feridas,Pleno dia,Decrescente,Chuva,Múltipla,Reta,Sim,4,0,3,0,0,1,3,3,"-7,1337","-34,8544",SR-PB,UOP01,DEL01
290793,19/06/20,sexta-feira,11:45:00,PB,101,"122,4",CAAPORA,Falta de Atenção à Condução,Saída de leito carroçável,Sem Vítimas,Pleno dia,Crescente,Chuva,Dupla,Não Informado,Não,1,0,0,0,1,0,0,1,"-7,45038197","-34,97994215",SR-PB,UOP02,DEL01
290858,19/06/20,sexta-feira,18:15:00,PB,230,156,CAMPINA GRANDE,Falta de Atenção à Condução,Colisão traseira,Com Vítimas Feridas,Plena Noite,Crescente,Chuva,Simples,Reta,Sim,2,0,1,0,1,0,1,2,"-7,2693","-35,9138",SR-PB,UOP01,DEL02
290900,19/06/20,sexta-feira,18:00:00,PB,230,"268,2",JUNCO DO SERIDO,Desobediência às normas de trânsito pelo condutor,Colisão frontal,Com Vítimas Feridas,Anoitecer,Decrescente,Chuva,Simples,Reta,Não,5,0,1,1,1,2,2,2,"-6,9674","-36,764",SR-PB,UOP01,DEL03
290905,19/06/20,sexta-feira,19:30:00,PB,230,"250,2",JUAZEIRINHO,Ingestão de Álcool,Colisão frontal,Com Vítimas Feridas,Plena Noite,Decrescente,Garoa/Chuvisco,Simples,Reta,Não,2,0,1,1,0,0,2,2,"-7,0593","-36,652",SR-PB,UOP01,DEL03
290906,19/06/20,sexta-feira,21:30:00,PB,230,125,RIACHÃO DO BACAMARTE,Velocidade Incompatível,Saída de leito carroçável,Com Vítimas Fatais,Plena Noite,Decrescente,Chuva,Dupla,Não Informado,Não,3,1,1,1,0,0,2,1,"-7,2498","-35,6827",SR-PB,UOP01,DEL02
290910,19/06/20,sexta-feira,22:00:00,PB,230,22,JOÃO PESSOA,Condutor Dormindo,Colisão com objeto estático,Com Vítimas Feridas,Plena Noite,Crescente,Nublado,Dupla,Reta,Sim,1,0,1,0,0,0,1,1,"-7,1495","-34,8517",SR-PB,UOP01,DEL01
290954,19/06/20,sexta-feira,23:30:00,PB,230,"464,8",SOUSA,Falta de Atenção à Condução,Colisão transversal,Sem Vítimas,Plena Noite,Crescente,Garoa/Chuvisco,Simples,Reta,Sim,2,0,0,0,1,1,0,2,"-6,7786","-38,2341",SR-PB,UOP03,DEL03
290949,20/06/20,sábado,06:10:00,PB,230,21,JOÃO PESSOA,Não guardar distância de segurança,Colisão traseira,Com Vítimas Feridas,Pleno dia,Decrescente,Nublado,Dupla,Reta,Sim,2,0,0,1,1,0,1,2,"-7,1495","-34,8517",SR-PB,UOP01,DEL01
291016,20/06/20,sábado,15:40:00,PB,230,148,CAMPINA GRANDE,Falta de Atenção à Condução,Tombamento,Com Vítimas Feridas,Pleno dia,Decrescente,Céu Claro,Dupla,Rotatória,Sim,2,0,2,0,0,0,2,1,"-7,237212","-35,86744308",SR-PB,UOP01,DEL02
291018,20/06/20,sábado,15:30:00,PB,230,71,SOBRADO,Falta de Atenção à Condução,Colisão traseira,Com Vítimas Feridas,Pleno dia,Crescente,Chuva,Dupla,Reta,Não,8,0,3,0,5,0,3,2,"-7,1913","-35,2333",SR-PB,UOP03,DEL01
291067,20/06/20,sábado,18:40:00,PB,230,148,CAMPINA GRANDE,Defeito na Via,Queda de ocupante de veículo,Com Vítimas Feridas,Plena Noite,Decrescente,Nublado,Dupla,Rotatória,Sim,1,0,1,0,0,0,1,1,"-7,238","-35,8656",SR-PB,UOP01,DEL02
291191,21/06/20,domingo,11:10:00,PB,101,"88,5",JOÃO PESSOA,Defeito Mecânico no Veículo,Tombamento,Com Vítimas Feridas,Pleno dia,Decrescente,Sol,Dupla,Não Informado,Sim,2,0,2,0,0,0,2,1,"-7,16470016","-34,89993643",SR-PB,UOP02,DEL01
291204,21/06/20,domingo,12:35:00,PB,230,"461,7",SOUSA,Defeito Mecânico no Veículo,Tombamento,Com Vítimas Feridas,Pleno dia,Crescente,Céu Claro,Simples,Reta,Sim,1,0,1,0,0,0,1,1,"-6,778254","-38,226044",SR-PB,UOP03,DEL03
291252,21/06/20,domingo,17:50:00,PB,230,"75,2",SOBRADO,Ingestão de Álcool,Colisão transversal,Com Vítimas Fatais,Anoitecer,Decrescente,Céu Claro,Dupla,Reta,Não,2,1,0,0,0,1,0,2,"-7,1908","-35,2682",SR-PB,UOP03,DEL01
291255,21/06/20,domingo,18:10:00,PB,101,86,BAYEUX,Animais na Pista,Atropelamento de Animal,Com Vítimas Feridas,Plena Noite,Decrescente,Céu Claro,Dupla,Curva,Sim,2,0,2,0,0,0,2,1,"-7,15118983","-34,91012184",SR-PB,UOP01,DEL01
291308,21/06/20,domingo,19:29:00,PB,412,142,MONTEIRO,Ingestão de Álcool,Colisão traseira,Com Vítimas Feridas,Plena Noite,Crescente,Céu Claro,Simples,Reta,Sim,3,0,1,2,0,0,3,2,"-7,88621002","-37,10632324",SR-PB,UOP02,DEL02
291312,21/06/20,domingo,22:15:00,PB,101,"12,9",MAMANGUAPE,Defeito Mecânico no Veículo,Colisão com objeto estático,Sem Vítimas,Plena Noite,Decrescente,Céu Claro,Dupla,Não Informado,Não,1,0,0,0,1,0,0,1,"-6,60110408","-35,14339905",SR-PB,UOP04,DEL01
291328,22/06/20,segunda-feira,00:50:00,PB,230,"50,1",CRUZ DO ESPIRITO SANTO,Sinalização da via insuficiente ou inadequada,Colisão lateral,Com Vítimas Feridas,Plena Noite,Decrescente,Céu Claro,Dupla,Não Informado,Não,2,0,1,0,0,1,1,2,"-7,18886461","-35,05984229",SR-PB,UOP03,DEL01
291463,22/06/20,segunda-feira,18:50:00,PB,230,12,CABEDELO,Desobediência às normas de trânsito pelo pedestre,Atropelamento de Pedestre,Com Vítimas Feridas,Plena Noite,Decrescente,Céu Claro,Dupla,Reta,Sim,3,0,2,1,0,0,3,1,"-7,068","-34,85",SR-PB,UOP01,DEL01
291491,22/06/20,segunda-feira,21:50:00,PB,230,12,CABEDELO,Desobediência às normas de trânsito pelo condutor,Colisão transversal,Com Vítimas Feridas,Plena Noite,Decrescente,Céu Claro,Dupla,Rotatória,Sim,2,0,2,0,0,0,2,2,"-7,06529989","-34,85012412",SR-PB,UOP01,DEL01
291499,22/06/20,segunda-feira,22:45:00,PB,101,108,ALHANDRA,Não guardar distância de segurança,Colisão lateral,Com Vítimas Feridas,Plena Noite,Crescente,Céu Claro,Múltipla,Reta,Não,2,0,1,0,0,1,1,2,"-7,33454898","-34,94758056",SR-PB,UOP02,DEL01
291546,23/06/20,terça-feira,09:20:00,PB,230,80,CALDAS BRANDÃO,Falta de Atenção à Condução,Tombamento,Com Vítimas Feridas,Pleno dia,Crescente,Céu Claro,Dupla,Curva,Não,2,0,1,0,1,0,1,1,"-7,17777757","-35,32324098",SR-PB,UOP03,DEL01
291555,23/06/20,terça-feira,11:00:00,PB,101,"86,7",BAYEUX,Não guardar distância de segurança,Colisão traseira,Com Vítimas Feridas,Pleno dia,Decrescente,Céu Claro,Dupla,Reta,Sim,2,0,1,0,1,0,1,2,"-7,15118983","-34,91012184",SR-PB,UOP01,DEL01
291564,23/06/20,terça-feira,12:20:00,PB,101,85,BAYEUX,Não guardar distância de segurança,Colisão traseira,Com Vítimas Feridas,Pleno dia,Crescente,Céu Claro,Dupla,Reta,Sim,2,0,1,0,0,1,1,2,"-7,14538184","-34,91662887",SR-PB,UOP01,DEL01
291598,23/06/20,terça-feira,16:10:00,PB,104,"57,6",BARRA DE SANTA ROSA,Falta de Atenção à Condução,Colisão lateral,Sem Vítimas,Pleno dia,Decrescente,Sol,Simples,Não Informado,Não,5,0,0,0,5,0,0,2,"-6,7868688","-35,96733682",SR-PB,UOP04,DEL02
291599,23/06/20,terça-feira,17:40:00,PB,101,"89,1",JOÃO PESSOA,Falta de Atenção à Condução,Colisão transversal,Com Vítimas Feridas,Anoitecer,Decrescente,Nublado,Dupla,Reta,Não,2,0,1,0,0,1,1,2,"-7,1710694","-34,89765372",SR-PB,UOP02,DEL01
291621,23/06/20,terça-feira,20:00:00,PB,101,86,BAYEUX,Desobediência às normas de trânsito pelo condutor,Colisão traseira,Com Vítimas Feridas,Plena Noite,Crescente,Céu Claro,Dupla,Reta,Sim,2,0,1,0,0,1,1,2,"-7,15118983","-34,91012184",SR-PB,UOP01,DEL01
291653,24/06/20,quarta-feira,01:00:00,PB,230,"38,5",SANTA RITA,Deficiência ou não Acionamento do Sistema de Iluminação/Sinalização do Veículo,Colisão traseira,Com Vítimas Feridas,Plena Noite,Decrescente,Céu Claro,Dupla,Não Informado,Não,2,0,1,0,0,1,1,2,"-7,1414","-34,9778",SR-PB,UOP03,DEL01
291657,24/06/20,quarta-feira,05:00:00,PB,101,"84,5",BAYEUX,Ingestão de Álcool,Saída de leito carroçável,Sem Vítimas,Amanhecer,Crescente,Céu Claro,Dupla,Reta,Sim,1,0,0,0,0,1,0,1,"-7,14377495","-34,91854191",SR-PB,UOP01,DEL01
291708,24/06/20,quarta-feira,10:00:00,PB,230,"23,9",JOÃO PESSOA,Desobediência às normas de trânsito pelo condutor,Colisão lateral,Sem Vítimas,Pleno dia,Decrescente,Sol,Dupla,Viaduto,Sim,2,0,0,0,1,1,0,2,"-7,1562","-34,8574",SR-PB,UOP01,DEL01
291709,24/06/20,quarta-feira,10:15:00,PB,230,"17,2",JOÃO PESSOA,Desobediência às normas de trânsito pelo condutor,Colisão transversal,Com Vítimas Feridas,Pleno dia,Crescente,Sol,Dupla,Retorno Regulamentado,Sim,2,0,1,0,0,1,1,2,"-7,11608021","-34,8421008",SR-PB,UOP01,DEL01
291722,24/06/20,quarta-feira,14:00:00,PB,230,"194,3",POCINHOS,Ingestão de Álcool,Saída de leito carroçável,Com Vítimas Feridas,Pleno dia,Decrescente,Céu Claro,Simples,Reta,Não,1,0,1,0,0,0,1,1,"-7,1226","-36,1868",SR-PB,UOP02,DEL02
291734,24/06/20,quarta-feira,17:15:00,PB,230,27,JOÃO PESSOA,Ingestão de Álcool,Colisão com objeto estático,Com Vítimas Feridas,Anoitecer,Decrescente,Céu Claro,Múltipla,Viaduto,Sim,1,0,1,0,0,0,1,1,"-7,16578942","-34,89476681",SR-PB,UOP01,DEL01
291836,25/06/20,quinta-feira,07:45:00,PB,230,25,JOÃO PESSOA,Não guardar distância de segurança,Engavetamento,Sem Vítimas,Pleno dia,Crescente,Céu Claro,Simples,Não Informado,Sim,3,0,0,0,3,0,0,3,"-7,1707","-34,8684",SR-PB,UOP01,DEL01
291916,25/06/20,quinta-feira,18:10:00,PB,104,142,QUEIMADAS,Falta de Atenção à Condução,Colisão lateral,Com Vítimas Feridas,Plena Noite,Decrescente,Céu Claro,Simples,Não Informado,Não,3,0,1,2,0,0,3,2,"-7,39577502","-35,89744631",SR-PB,UOP03,DEL02
291964,25/06/20,quinta-feira,22:30:00,PB,230,"275,5",SANTA LUZIA,Falta de Atenção à Condução,Tombamento,Com Vítimas Feridas,Plena Noite,Crescente,Céu Claro,Simples,Curva,Não,1,0,1,0,0,0,1,1,"-6,954","-36,8259",SR-PB,UOP01,DEL03
292009,26/06/20,sexta-feira,07:50:00,PB,101,22,MAMANGUAPE,Falta de Atenção à Condução,Colisão com objeto estático,Com Vítimas Feridas,Pleno dia,Crescente,Céu Claro,Dupla,Reta,Não,1,0,1,0,0,0,1,1,"-6,68108401","-35,11407491",SR-PB,UOP04,DEL01
292023,26/06/20,sexta-feira,10:35:00,PB,230,141,CAMPINA GRANDE,Falta de Atenção à Condução,Tombamento,Com Vítimas Feridas,Pleno dia,Crescente,Nublado,Dupla,Reta,Não,1,0,1,0,0,0,1,1,"-7,2612","-35,8061",SR-PB,UOP01,DEL02
292163,26/06/20,sexta-feira,22:10:00,PB,230,"49,5",SANTA RITA,Sinalização da via insuficiente ou inadequada,Tombamento,Com Vítimas Feridas,Plena Noite,Decrescente,Nublado,Dupla,Não Informado,Não,1,0,1,0,0,0,1,1,"-7,18401336","-35,05368233",SR-PB,UOP03,DEL01
292275,27/06/20,sábado,14:00:00,PB,230,162,CAMPINA GRANDE,Falta de Atenção à Condução,Saída de leito carroçável,Sem Vítimas,Pleno dia,Decrescente,Céu Claro,Simples,Reta,Não,1,0,0,0,0,1,0,1,"-7,2277","-35,9439",SR-PB,UOP01,DEL02
292378,28/06/20,domingo,06:00:00,PB,101,"84,5",BAYEUX,Animais na Pista,Atropelamento de Animal,Com Vítimas Feridas,Pleno dia,Decrescente,Nublado,Dupla,Reta,Sim,1,0,1,0,0,0,1,1,"-7,13957906","-34,92312806",SR-PB,UOP01,DEL01
292422,28/06/20,domingo,11:10:00,PB,230,49,SANTA RITA,Condutor Dormindo,Saída de leito carroçável,Com Vítimas Feridas,Pleno dia,Decrescente,Céu Claro,Dupla,Retorno Regulamentado,Não,1,0,1,0,0,0,1,1,"-7,1803","-35,0485",SR-PB,UOP03,DEL01
292435,28/06/20,domingo,11:30:00,PB,361,"5,9",PATOS,Ultrapassagem Indevida,Colisão lateral,Com Vítimas Feridas,Pleno dia,Crescente,Céu Claro,Simples,Reta,Sim,2,0,1,0,1,0,1,2,"-7,0342983","-37,30232718",SR-PB,UOP01,DEL03
292526,28/06/20,domingo,20:50:00,PB,230,"26,5",JOÃO PESSOA,Falta de Atenção à Condução,Colisão traseira,Com Vítimas Feridas,Plena Noite,Crescente,Céu Claro,Dupla,Não Informado,Sim,3,0,2,0,0,1,2,2,"-7,1693","-34,8782",SR-PB,UOP01,DEL01
292574,29/06/20,segunda-feira,06:40:00,PB,104,"129,8",CAMPINA GRANDE,Ingestão de Álcool,Saída de leito carroçável,Sem Vítimas,Amanhecer,Decrescente,Céu Claro,Dupla,Retorno Regulamentado,Não,1,0,0,0,0,1,0,1,"-7,2788902","-35,88870148",SR-PB,UOP03,DEL02
292605,29/06/20,segunda-feira,12:00:00,PB,230,"87,8",JOÃO PESSOA,Pista Escorregadia,Tombamento,Com Vítimas Feridas,Pleno dia,Decrescente,Sol,Simples,Curva,Não,2,0,2,0,0,0,2,1,"-7,164696","-34,894994",SR-PB,UOP03,DEL01
292638,29/06/20,segunda-feira,15:00:00,PB,230,"60,5",CRUZ DO ESPIRITO SANTO,Desobediência às normas de trânsito pelo condutor,Colisão lateral,Com Vítimas Feridas,Pleno dia,Crescente,Céu Claro,Dupla,Não Informado,Não,2,0,0,1,1,0,1,2,"-7,205","-35,1393",SR-PB,UOP03,DEL01
292701,29/06/20,segunda-feira,21:50:00,PB,230,81,SOBRADO,Desobediência às normas de trânsito pelo condutor,Colisão frontal,Com Vítimas Fatais,Plena Noite,Decrescente,Céu Claro,Dupla,Curva,Não,5,1,1,0,2,1,1,2,"-7,17746787","-35,32626987",SR-PB,UOP03,DEL01
292737,30/06/20,terça-feira,05:35:00,PB,NA,NA,JOÃO PESSOA,Pista Escorregadia,Colisão com objeto estático,Com Vítimas Feridas,Amanhecer,Não Informado,Nublado,Simples,Desvio Temporário,Sim,6,0,1,0,3,2,1,3,"-7,16436128","-34,9023083",SR-PB,UOP01,DEL01
292744,30/06/20,terça-feira,07:45:00,PB,230,23,JOÃO PESSOA,Não guardar distância de segurança,Colisão traseira,Com Vítimas Feridas,Pleno dia,Decrescente,Céu Claro,Dupla,Viaduto,Sim,2,0,1,0,1,0,1,2,"-7,1562","-34,8574",SR-PB,UOP01,DEL01
292750,30/06/20,terça-feira,09:00:00,PB,230,"188,6",ALCANTIL,Falta de Atenção à Condução,Colisão transversal,Com Vítimas Feridas,Pleno dia,Decrescente,Nublado,Simples,Reta,Sim,2,0,0,1,1,0,1,2,"-7,702036","-36,062408",SR-PB,UOP02,DEL02
292772,30/06/20,terça-feira,13:20:00,PB,230,"500,3",CAJAZEIRAS,Desobediência às normas de trânsito pelo condutor,Colisão frontal,Com Vítimas Feridas,Pleno dia,Crescente,Céu Claro,Simples,Reta,Sim,2,0,1,0,1,0,1,2,"-6,897758","-38,524155",SR-PB,UOP03,DEL03
292820,30/06/20,terça-feira,19:10:00,PB,104,93,ESPERANÇA,Não guardar distância de segurança,Colisão traseira,Sem Vítimas,Plena Noite,Decrescente,Nublado,Simples,Reta,Sim,4,0,0,0,4,0,0,2,"-6,99505412","-35,83569282",SR-PB,UOP04,DEL02
